""	"X0"	"X1"
"0"	48	60
"1"	53	64
"2"	54	59
"3"	54	65
"4"	56	64
"5"	56	62
"6"	58	63
"7"	61	59
"8"	61	63
"9"	63	62
"10"	64	53
"11"	65	65
"12"	66	57
"13"	67	62
"14"	49	61
"15"	53	61
"16"	62	60
"17"	64	65
"18"	64	58
"19"	53	57
"20"	47	57
"21"	51	65
"22"	51	59
"23"	55	62
"24"	67	65
"25"	49	62
"26"	60	58
"27"	68	61
"28"	47	78
"29"	48	80
"30"	48	79
"31"	49	80
"32"	50	73
"33"	51	75
"34"	52	71
"35"	52	73
"36"	52	84
"37"	52	78
"38"	53	76
"39"	53	86
"40"	54	86
"41"	55	80
"42"	55	72
"43"	56	77
"44"	56	71
"45"	57	82
"46"	61	70
"47"	61	75
"48"	62	70
"49"	62	82
"50"	62	86
"51"	63	76
"52"	63	78
"53"	64	86
"54"	64	74
"55"	65	80
"56"	66	84
"57"	66	72
"58"	67	77
"59"	50	69
"60"	50	68
"61"	54	69
"62"	56	77
"63"	56	76
"64"	56	76
"65"	58	86
"66"	59	75
"67"	65	82
"68"	50	80
"69"	52	81
"70"	54	74
"71"	54	74
"72"	67	86
"73"	55	78
"74"	56	68
"75"	65	69
"76"	47	72
"77"	51	78
"78"	51	67
"79"	54	81
"80"	55	81
"81"	58	72
"82"	59	70
"83"	59	71
"84"	60	85
"85"	60	67
"86"	60	82
"87"	60	83
"88"	61	80
"89"	61	77
"90"	65	80
"91"	65	77
"92"	66	87
"93"	66	86
"94"	47	102
"95"	48	104
"96"	48	90
"97"	48	95
"98"	49	100
"99"	49	95
"100"	49	93
"101"	50	98
"102"	52	102
"103"	53	95
"104"	53	107
"105"	54	90
"106"	54	101
"107"	55	104
"108"	55	109
"109"	56	91
"110"	56	109
"111"	57	100
"112"	57	104
"113"	58	90
"114"	59	107
"115"	60	97
"116"	61	97
"117"	62	106
"118"	63	95
"119"	64	91
"120"	64	103
"121"	66	102
"122"	66	99
"123"	52	100
"124"	59	93
"125"	67	107
"126"	49	109
"127"	61	109
"128"	65	100
"129"	67	89
"130"	51	100
"131"	53	97
"132"	58	95
"133"	60	91
"134"	61	91
"135"	62	105
"136"	51	99
"137"	52	105
"138"	59	97
"139"	59	103
"140"	59	90
"141"	64	96
"142"	66	107
"143"	66	105
"144"	47	131
"145"	48	129
"146"	49	114
"147"	53	113
"148"	53	111
"149"	54	128
"150"	55	121
"151"	56	114
"152"	56	117
"153"	58	123
"154"	60	118
"155"	61	114
"156"	60	120
"157"	61	112
"158"	62	116
"159"	62	118
"160"	65	118
"161"	65	123
"162"	67	129
"163"	67	120
"164"	67	129
"165"	47	124
"166"	48	121
"167"	53	121
"168"	57	122
"169"	57	131
"170"	61	127
"171"	65	121
"172"	47	122
"173"	49	124
"174"	52	112
"175"	54	117
"176"	57	124
"177"	65	112
"178"	51	120
"179"	52	127
"180"	53	129
"181"	60	115
"182"	62	121
"183"	62	122
"184"	65	126
"185"	66	126
"186"	47	117
"187"	50	126
"188"	54	113
"189"	61	111
"190"	61	121
"191"	62	128
"192"	64	119
"193"	52	116
"194"	57	126
"195"	57	128
"196"	46	147
"197"	47	143
"198"	47	153
"199"	48	141
"200"	49	139
"201"	49	148
"202"	50	146
"203"	51	151
"204"	52	149
"205"	53	143
"206"	53	139
"207"	53	149
"208"	54	135
"209"	54	152
"210"	58	138
"211"	58	146
"212"	59	139
"213"	59	138
"214"	59	152
"215"	60	140
"216"	61	143
"217"	61	141
"218"	62	137
"219"	64	147
"220"	64	134
"221"	66	143
"222"	66	138
"223"	50	133
"224"	50	141
"225"	59	137
"226"	61	147
"227"	62	146
"228"	64	139
"229"	55	142
"230"	56	136
"231"	48	136
"232"	47	146
"233"	49	152
"234"	50	143
"235"	50	148
"236"	50	147
"237"	51	153
"238"	51	136
"239"	52	149
"240"	53	153
"241"	54	146
"242"	54	142
"243"	55	138
"244"	56	150
"245"	58	150
"246"	57	151
"247"	58	142
"248"	59	145
"249"	63	142
"250"	63	136
"251"	64	140
"252"	64	150
"253"	47	170
"254"	47	163
"255"	47	175
"256"	48	158
"257"	49	170
"258"	49	173
"259"	49	159
"260"	52	168
"261"	53	170
"262"	54	167
"263"	54	169
"264"	54	170
"265"	55	165
"266"	56	175
"267"	56	169
"268"	56	161
"269"	57	174
"270"	57	160
"271"	59	160
"272"	60	169
"273"	60	174
"274"	62	160
"275"	62	161
"276"	63	171
"277"	63	167
"278"	64	164
"279"	65	171
"280"	66	157
"281"	66	169
"282"	66	160
"283"	66	156
"284"	47	167
"285"	50	171
"286"	56	172
"287"	58	158
"288"	59	159
"289"	67	172
"290"	47	165
"291"	49	168
"292"	53	160
"293"	56	170
"294"	57	167
"295"	54	158
"296"	63	161
"297"	47	172
"298"	49	163
"299"	50	165
"300"	52	164
"301"	55	162
"302"	56	167
"303"	57	168
"304"	57	164
"305"	58	162
"306"	60	172
"307"	60	173
"308"	61	162
"309"	62	156
"310"	64	170
"311"	65	161
"312"	65	174
"313"	66	175
"314"	67	156
"315"	67	157
"316"	60	165
"317"	46	194
"318"	47	194
"319"	48	184
"320"	48	187
"321"	48	182
"322"	48	195
"323"	49	181
"324"	50	185
"325"	51	190
"326"	52	188
"327"	52	180
"328"	52	197
"329"	54	193
"330"	56	182
"331"	57	190
"332"	56	194
"333"	57	181
"334"	57	195
"335"	58	179
"336"	59	197
"337"	59	194
"338"	60	191
"339"	60	197
"340"	61	178
"341"	62	183
"342"	63	186
"343"	64	188
"344"	65	186
"345"	66	197
"346"	67	197
"347"	67	179
"348"	48	189
"349"	52	185
"350"	53	188
"351"	53	183
"352"	53	181
"353"	56	193
"354"	57	193
"355"	60	189
"356"	55	178
"357"	57	189
"358"	61	194
"359"	62	187
"360"	67	193
"361"	53	192
"362"	59	185
"363"	47	192
"364"	48	185
"365"	48	179
"366"	49	194
"367"	49	191
"368"	50	189
"369"	49	187
"370"	50	183
"371"	51	192
"372"	51	196
"373"	52	182
"374"	53	179
"375"	54	188
"376"	55	197
"377"	58	183
"378"	57	196
"379"	58	197
"380"	59	186
"381"	60	181
"382"	61	177
"383"	61	184
"384"	61	181
"385"	62	197
"386"	63	185
"387"	64	191
"388"	64	182
"389"	66	180
"390"	47	211
"391"	47	203
"392"	47	214
"393"	47	207
"394"	48	215
"395"	49	211
"396"	50	203
"397"	51	208
"398"	51	201
"399"	52	206
"400"	52	204
"401"	54	203
"402"	54	217
"403"	55	219
"404"	54	208
"405"	55	212
"406"	55	206
"407"	56	219
"408"	57	202
"409"	57	203
"410"	57	200
"411"	58	212
"412"	58	210
"413"	58	201
"414"	59	203
"415"	59	202
"416"	59	210
"417"	59	207
"418"	59	204
"419"	60	205
"420"	60	204
"421"	61	219
"422"	62	201
"423"	62	203
"424"	63	217
"425"	63	210
"426"	63	217
"427"	64	205
"428"	65	208
"429"	65	204
"430"	66	216
"431"	67	203
"432"	67	206
"433"	67	215
"434"	54	214
"435"	54	201
"436"	47	205
"437"	47	201
"438"	53	202
"439"	59	213
"440"	61	214
"441"	64	215
"442"	51	207
"443"	54	219
"444"	55	204
"445"	56	205
"446"	47	200
"447"	54	209
"448"	54	210
"449"	57	208
"450"	61	208
"451"	61	216
"452"	62	212
"453"	62	213
"454"	64	214
"455"	67	213
"456"	46	240
"457"	47	226
"458"	48	240
"459"	48	234
"460"	49	229
"461"	49	227
"462"	49	222
"463"	50	231
"464"	50	227
"465"	51	233
"466"	51	234
"467"	51	229
"468"	52	228
"469"	53	240
"470"	54	221
"471"	55	240
"472"	55	239
"473"	55	229
"474"	56	223
"475"	56	232
"476"	57	225
"477"	58	232
"478"	57	227
"479"	58	236
"480"	59	224
"481"	60	234
"482"	60	223
"483"	61	240
"484"	61	228
"485"	61	236
"486"	62	235
"487"	63	232
"488"	66	234
"489"	67	240
"490"	46	234
"491"	48	236
"492"	49	241
"493"	54	227
"494"	58	241
"495"	58	223
"496"	61	231
"497"	62	229
"498"	64	229
"499"	64	237
"500"	51	238
"501"	55	238
"502"	58	224
"503"	62	225
"504"	47	232
"505"	53	231
"506"	66	226
"507"	47	229
"508"	48	224
"509"	52	238
"510"	52	240
"511"	52	224
"512"	53	237
"513"	54	236
"514"	53	223
"515"	55	232
"516"	57	222
"517"	58	234
"518"	59	234
"519"	63	223
"520"	64	222
"521"	66	224
"522"	67	226
"523"	68	230
"524"	69	231
"525"	69	228
"526"	69	236
"527"	70	231
"528"	71	231
"529"	71	224
"530"	71	236
"531"	71	221
"532"	74	241
"533"	75	230
"534"	76	240
"535"	76	222
"536"	77	222
"537"	77	240
"538"	77	231
"539"	78	222
"540"	79	229
"541"	80	240
"542"	81	241
"543"	82	229
"544"	82	238
"545"	83	223
"546"	84	231
"547"	84	235
"548"	85	238
"549"	85	235
"550"	86	223
"551"	86	233
"552"	87	224
"553"	88	240
"554"	89	237
"555"	89	236
"556"	89	227
"557"	90	232
"558"	72	240
"559"	74	225
"560"	77	227
"561"	81	233
"562"	83	225
"563"	84	223
"564"	85	227
"565"	86	240
"566"	72	234
"567"	72	231
"568"	88	225
"569"	89	222
"570"	69	233
"571"	70	239
"572"	72	238
"573"	73	240
"574"	76	231
"575"	76	239
"576"	77	226
"577"	79	240
"578"	80	239
"579"	81	225
"580"	84	239
"581"	69	201
"582"	70	200
"583"	70	202
"584"	72	202
"585"	72	212
"586"	72	214
"587"	73	220
"588"	73	218
"589"	73	206
"590"	73	201
"591"	74	213
"592"	74	211
"593"	75	215
"594"	77	199
"595"	77	205
"596"	77	211
"597"	79	212
"598"	79	218
"599"	79	201
"600"	80	210
"601"	81	203
"602"	82	207
"603"	83	205
"604"	85	204
"605"	85	218
"606"	86	214
"607"	87	211
"608"	87	204
"609"	88	213
"610"	88	214
"611"	89	201
"612"	89	210
"613"	89	219
"614"	72	218
"615"	72	200
"616"	73	217
"617"	74	207
"618"	77	208
"619"	78	206
"620"	82	213
"621"	86	208
"622"	69	204
"623"	70	210
"624"	74	200
"625"	85	200
"626"	89	208
"627"	89	204
"628"	80	205
"629"	69	214
"630"	70	204
"631"	71	218
"632"	72	209
"633"	76	202
"634"	77	213
"635"	80	203
"636"	83	211
"637"	83	207
"638"	85	213
"639"	85	220
"640"	87	199
"641"	89	212
"642"	69	207
"643"	70	207
"644"	69	196
"645"	69	192
"646"	69	182
"647"	71	189
"648"	72	185
"649"	72	179
"650"	73	197
"651"	74	197
"652"	75	192
"653"	76	191
"654"	77	178
"655"	76	185
"656"	77	192
"657"	76	195
"658"	78	182
"659"	81	178
"660"	81	177
"661"	81	189
"662"	82	197
"663"	82	184
"664"	82	195
"665"	82	182
"666"	83	193
"667"	83	190
"668"	84	184
"669"	85	183
"670"	85	179
"671"	85	192
"672"	86	187
"673"	85	193
"674"	86	197
"675"	86	180
"676"	86	182
"677"	87	194
"678"	88	184
"679"	88	191
"680"	89	177
"681"	88	183
"682"	81	188
"683"	83	179
"684"	89	180
"685"	71	179
"686"	73	189
"687"	77	188
"688"	78	188
"689"	80	196
"690"	87	189
"691"	80	186
"692"	71	181
"693"	73	187
"694"	74	182
"695"	75	184
"696"	76	180
"697"	79	182
"698"	79	184
"699"	80	191
"700"	81	182
"701"	82	195
"702"	85	188
"703"	84	182
"704"	85	186
"705"	87	190
"706"	87	193
"707"	87	185
"708"	89	180
"709"	89	183
"710"	69	174
"711"	69	156
"712"	70	173
"713"	70	164
"714"	70	168
"715"	70	158
"716"	70	170
"717"	71	172
"718"	72	169
"719"	72	173
"720"	73	164
"721"	74	166
"722"	74	159
"723"	75	162
"724"	77	161
"725"	77	158
"726"	77	163
"727"	78	165
"728"	78	175
"729"	80	163
"730"	80	176
"731"	80	156
"732"	81	162
"733"	81	164
"734"	81	176
"735"	81	168
"736"	82	157
"737"	83	159
"738"	83	167
"739"	83	162
"740"	84	164
"741"	84	156
"742"	85	175
"743"	90	163
"744"	72	158
"745"	74	157
"746"	83	174
"747"	87	163
"748"	72	163
"749"	83	163
"750"	83	159
"751"	86	164
"752"	89	164
"753"	76	166
"754"	77	169
"755"	71	168
"756"	73	175
"757"	74	174
"758"	74	171
"759"	78	162
"760"	78	156
"761"	78	157
"762"	79	163
"763"	82	159
"764"	82	173
"765"	82	161
"766"	85	160
"767"	85	170
"768"	86	162
"769"	88	158
"770"	89	171
"771"	89	174
"772"	88	173
"773"	69	152
"774"	70	139
"775"	72	138
"776"	72	141
"777"	73	143
"778"	73	138
"779"	74	144
"780"	74	147
"781"	74	135
"782"	74	153
"783"	75	144
"784"	76	152
"785"	76	137
"786"	76	147
"787"	77	144
"788"	77	133
"789"	78	153
"790"	79	145
"791"	80	142
"792"	80	136
"793"	80	151
"794"	80	145
"795"	80	146
"796"	81	143
"797"	84	150
"798"	85	134
"799"	86	140
"800"	87	144
"801"	87	152
"802"	87	146
"803"	88	143
"804"	88	141
"805"	89	133
"806"	90	138
"807"	90	136
"808"	70	151
"809"	71	135
"810"	75	153
"811"	76	134
"812"	78	141
"813"	84	138
"814"	84	145
"815"	71	150
"816"	77	138
"817"	77	136
"818"	80	149
"819"	89	151
"820"	90	149
"821"	89	150
"822"	70	152
"823"	71	133
"824"	74	141
"825"	73	151
"826"	74	150
"827"	75	139
"828"	76	150
"829"	78	138
"830"	79	134
"831"	80	138
"832"	81	135
"833"	83	150
"834"	84	148
"835"	85	147
"836"	86	138
"837"	86	142
"838"	87	136
"839"	88	145
"840"	70	130
"841"	70	121
"842"	71	128
"843"	72	118
"844"	72	116
"845"	74	123
"846"	75	130
"847"	75	117
"848"	75	117
"849"	75	113
"850"	77	129
"851"	78	120
"852"	78	122
"853"	80	114
"854"	80	112
"855"	81	119
"856"	81	128
"857"	81	114
"858"	81	130
"859"	82	115
"860"	83	119
"861"	83	117
"862"	83	121
"863"	86	125
"864"	87	131
"865"	87	124
"866"	89	114
"867"	89	124
"868"	89	123
"869"	89	121
"870"	89	128
"871"	90	118
"872"	70	119
"873"	74	128
"874"	74	119
"875"	78	115
"876"	70	116
"877"	76	117
"878"	79	124
"879"	80	117
"880"	82	123
"881"	71	128
"882"	71	126
"883"	71	123
"884"	72	123
"885"	76	121
"886"	76	125
"887"	77	121
"888"	78	126
"889"	78	119
"890"	80	113
"891"	83	126
"892"	83	129
"893"	84	121
"894"	84	123
"895"	86	118
"896"	86	129
"897"	87	115
"898"	89	119
"899"	89	113
"900"	69	95
"901"	72	91
"902"	72	102
"903"	75	94
"904"	75	90
"905"	75	106
"906"	76	95
"907"	75	108
"908"	76	92
"909"	77	90
"910"	78	107
"911"	80	102
"912"	79	90
"913"	80	107
"914"	81	104
"915"	81	99
"916"	81	97
"917"	82	106
"918"	82	99
"919"	83	102
"920"	84	109
"921"	85	100
"922"	85	103
"923"	87	90
"924"	87	100
"925"	88	104
"926"	90	102
"927"	90	107
"928"	69	92
"929"	70	102
"930"	72	101
"931"	75	105
"932"	75	96
"933"	89	98
"934"	70	89
"935"	72	93
"936"	72	93
"937"	77	92
"938"	88	92
"939"	76	99
"940"	79	92
"941"	84	108
"942"	88	101
"943"	68	90
"944"	71	89
"945"	72	96
"946"	76	103
"947"	77	105
"948"	77	108
"949"	77	91
"950"	79	105
"951"	79	96
"952"	79	108
"953"	81	94
"954"	82	104
"955"	84	106
"956"	84	90
"957"	85	95
"958"	87	109
"959"	89	92
"960"	90	99
"961"	71	106
"962"	74	103
"963"	81	91
"964"	69	71
"965"	70	76
"966"	70	82
"967"	70	85
"968"	71	83
"969"	72	67
"970"	72	77
"971"	72	81
"972"	73	70
"973"	74	81
"974"	74	79
"975"	74	76
"976"	75	85
"977"	75	72
"978"	76	85
"979"	77	67
"980"	78	74
"981"	79	83
"982"	81	74
"983"	81	68
"984"	82	80
"985"	82	86
"986"	83	75
"987"	84	75
"988"	85	68
"989"	88	85
"990"	88	70
"991"	88	84
"992"	89	72
"993"	71	68
"994"	73	74
"995"	77	83
"996"	78	87
"997"	80	85
"998"	86	78
"999"	87	79
"1000"	88	75
"1001"	88	77
"1002"	70	74
"1003"	72	80
"1004"	72	70
"1005"	75	68
"1006"	79	81
"1007"	82	83
"1008"	86	81
"1009"	90	75
"1010"	75	70
"1011"	76	81
"1012"	77	80
"1013"	85	84
"1014"	85	71
"1015"	70	86
"1016"	71	80
"1017"	71	78
"1018"	74	75
"1019"	74	84
"1020"	73	83
"1021"	76	86
"1022"	76	83
"1023"	79	85
"1024"	79	80
"1025"	80	87
"1026"	80	77
"1027"	80	72
"1028"	82	82
"1029"	82	79
"1030"	82	78
"1031"	84	82
"1032"	84	72
"1033"	86	84
"1034"	85	73
"1035"	89	71
"1036"	89	84
"1037"	90	82
"1038"	69	59
"1039"	69	61
"1040"	71	62
"1041"	72	57
"1042"	72	56
"1043"	73	64
"1044"	76	58
"1045"	77	59
"1046"	77	64
"1047"	79	54
"1048"	79	61
"1049"	81	64
"1050"	82	63
"1051"	84	64
"1052"	85	59
"1053"	86	63
"1054"	87	64
"1055"	87	62
"1056"	88	56
"1057"	89	57
"1058"	89	62
"1059"	76	54
"1060"	81	54
"1061"	73	57
"1062"	80	59
"1063"	81	55
"1064"	89	55
"1065"	72	61
"1066"	72	51
"1067"	74	57
"1068"	76	52
"1069"	76	61
"1070"	78	55
"1071"	80	64
"1072"	89	52
"1073"	89	52
"1074"	91	56
"1075"	91	54
"1076"	92	62
"1077"	93	62
"1078"	94	61
"1079"	96	54
"1080"	97	57
"1081"	97	65
"1082"	98	55
"1083"	98	60
"1084"	99	62
"1085"	102	59
"1086"	103	61
"1087"	103	64
"1088"	104	65
"1089"	104	60
"1090"	105	63
"1091"	106	62
"1092"	107	64
"1093"	109	62
"1094"	110	57
"1095"	110	59
"1096"	111	64
"1097"	112	63
"1098"	94	60
"1099"	95	60
"1100"	101	57
"1101"	107	59
"1102"	113	59
"1103"	104	57
"1104"	110	61
"1105"	111	59
"1106"	94	63
"1107"	98	58
"1108"	93	54
"1109"	94	56
"1110"	94	64
"1111"	97	60
"1112"	104	58
"1113"	105	53
"1114"	106	58
"1115"	106	53
"1116"	109	56
"1117"	113	61
"1118"	92	87
"1119"	92	74
"1120"	93	81
"1121"	93	87
"1122"	95	71
"1123"	95	82
"1124"	96	69
"1125"	97	69
"1126"	97	81
"1127"	97	84
"1128"	97	85
"1129"	97	75
"1130"	98	71
"1131"	99	86
"1132"	99	83
"1133"	100	71
"1134"	101	72
"1135"	102	79
"1136"	102	68
"1137"	102	76
"1138"	102	81
"1139"	103	70
"1140"	103	67
"1141"	104	83
"1142"	104	73
"1143"	104	75
"1144"	106	72
"1145"	106	74
"1146"	107	75
"1147"	107	72
"1148"	108	86
"1149"	109	70
"1150"	109	76
"1151"	109	68
"1152"	110	75
"1153"	110	83
"1154"	111	71
"1155"	111	69
"1156"	112	72
"1157"	111	67
"1158"	112	81
"1159"	112	76
"1160"	111	85
"1161"	112	80
"1162"	113	79
"1163"	94	73
"1164"	102	73
"1165"	102	84
"1166"	104	85
"1167"	104	87
"1168"	105	78
"1169"	107	78
"1170"	108	82
"1171"	93	81
"1172"	94	79
"1173"	100	85
"1174"	105	83
"1175"	106	68
"1176"	109	81
"1177"	96	67
"1178"	98	68
"1179"	102	78
"1180"	92	79
"1181"	94	76
"1182"	94	86
"1183"	95	84
"1184"	96	71
"1185"	99	68
"1186"	103	78
"1187"	107	80
"1188"	110	73
"1189"	111	71
"1190"	111	70
"1191"	111	78
"1192"	112	67
"1193"	113	84
"1194"	92	93
"1195"	93	89
"1196"	93	106
"1197"	93	99
"1198"	93	103
"1199"	94	89
"1200"	95	102
"1201"	96	107
"1202"	96	100
"1203"	96	92
"1204"	96	99
"1205"	96	93
"1206"	96	95
"1207"	97	98
"1208"	98	91
"1209"	101	104
"1210"	102	91
"1211"	102	109
"1212"	103	106
"1213"	104	107
"1214"	104	104
"1215"	104	96
"1216"	105	93
"1217"	105	108
"1218"	105	104
"1219"	106	107
"1220"	106	106
"1221"	106	104
"1222"	107	100
"1223"	108	89
"1224"	109	107
"1225"	109	102
"1226"	109	94
"1227"	110	93
"1228"	110	104
"1229"	110	109
"1230"	111	97
"1231"	112	93
"1232"	99	109
"1233"	100	101
"1234"	100	92
"1235"	104	90
"1236"	106	92
"1237"	111	104
"1238"	92	104
"1239"	98	101
"1240"	101	97
"1241"	103	93
"1242"	102	101
"1243"	104	100
"1244"	106	97
"1245"	108	104
"1246"	109	108
"1247"	111	89
"1248"	97	107
"1249"	106	90
"1250"	110	101
"1251"	112	102
"1252"	94	92
"1253"	95	103
"1254"	99	98
"1255"	101	103
"1256"	102	103
"1257"	102	103
"1258"	105	102
"1259"	107	94
"1260"	108	105
"1261"	109	93
"1262"	109	99
"1263"	111	107
"1264"	112	95
"1265"	92	112
"1266"	92	114
"1267"	93	117
"1268"	93	120
"1269"	94	112
"1270"	95	120
"1271"	96	115
"1272"	95	129
"1273"	98	130
"1274"	99	123
"1275"	100	128
"1276"	101	130
"1277"	104	131
"1278"	104	124
"1279"	104	116
"1280"	105	114
"1281"	107	122
"1282"	107	131
"1283"	107	124
"1284"	108	115
"1285"	108	112
"1286"	109	119
"1287"	111	122
"1288"	113	112
"1289"	113	115
"1290"	107	116
"1291"	95	126
"1292"	100	117
"1293"	106	111
"1294"	108	128
"1295"	112	123
"1296"	102	125
"1297"	106	124
"1298"	92	123
"1299"	93	124
"1300"	93	126
"1301"	95	114
"1302"	97	121
"1303"	96	128
"1304"	99	121
"1305"	100	125
"1306"	101	122
"1307"	101	123
"1308"	103	129
"1309"	103	119
"1310"	104	117
"1311"	104	123
"1312"	107	127
"1313"	111	114
"1314"	111	124
"1315"	112	125
"1316"	91	151
"1317"	92	135
"1318"	93	135
"1319"	93	148
"1320"	93	140
"1321"	94	142
"1322"	94	153
"1323"	98	152
"1324"	100	140
"1325"	100	144
"1326"	101	151
"1327"	102	143
"1328"	103	136
"1329"	104	147
"1330"	104	140
"1331"	105	141
"1332"	106	147
"1333"	106	139
"1334"	107	148
"1335"	107	143
"1336"	107	140
"1337"	108	144
"1338"	109	136
"1339"	110	144
"1340"	110	141
"1341"	111	138
"1342"	111	150
"1343"	112	153
"1344"	112	143
"1345"	96	145
"1346"	99	133
"1347"	101	135
"1348"	101	150
"1349"	103	153
"1350"	107	137
"1351"	109	152
"1352"	112	137
"1353"	95	145
"1354"	101	152
"1355"	101	134
"1356"	105	143
"1357"	111	145
"1358"	111	140
"1359"	112	152
"1360"	93	152
"1361"	96	149
"1362"	98	149
"1363"	103	146
"1364"	110	148
"1365"	92	138
"1366"	95	137
"1367"	95	151
"1368"	95	142
"1369"	99	139
"1370"	102	148
"1371"	103	147
"1372"	105	146
"1373"	109	147
"1374"	110	138
"1375"	112	142
"1376"	98	143
"1377"	108	149
"1378"	92	160
"1379"	93	173
"1380"	93	172
"1381"	95	175
"1382"	95	169
"1383"	98	174
"1384"	100	159
"1385"	100	167
"1386"	101	157
"1387"	101	159
"1388"	102	167
"1389"	103	173
"1390"	104	157
"1391"	105	170
"1392"	106	155
"1393"	106	162
"1394"	109	173
"1395"	110	169
"1396"	111	168
"1397"	111	175
"1398"	111	173
"1399"	93	157
"1400"	95	164
"1401"	96	159
"1402"	104	165
"1403"	107	156
"1404"	108	165
"1405"	110	161
"1406"	112	160
"1407"	94	163
"1408"	97	172
"1409"	99	169
"1410"	104	173
"1411"	105	174
"1412"	105	160
"1413"	107	171
"1414"	96	165
"1415"	103	166
"1416"	112	165
"1417"	93	162
"1418"	97	165
"1419"	97	167
"1420"	100	161
"1421"	101	162
"1422"	102	170
"1423"	102	162
"1424"	103	167
"1425"	106	161
"1426"	108	175
"1427"	110	172
"1428"	110	157
"1429"	110	170
"1430"	111	163
"1431"	99	156
"1432"	92	186
"1433"	94	194
"1434"	94	186
"1435"	94	183
"1436"	95	178
"1437"	95	192
"1438"	95	191
"1439"	96	193
"1440"	97	181
"1441"	98	180
"1442"	100	193
"1443"	100	197
"1444"	100	193
"1445"	102	183
"1446"	102	188
"1447"	102	184
"1448"	105	189
"1449"	105	195
"1450"	105	181
"1451"	106	187
"1452"	106	181
"1453"	107	191
"1454"	106	194
"1455"	107	192
"1456"	107	187
"1457"	108	184
"1458"	110	179
"1459"	110	194
"1460"	110	179
"1461"	113	197
"1462"	94	192
"1463"	96	185
"1464"	97	195
"1465"	100	191
"1466"	106	196
"1467"	107	182
"1468"	95	194
"1469"	95	189
"1470"	103	189
"1471"	107	184
"1472"	102	180
"1473"	95	196
"1474"	95	178
"1475"	95	181
"1476"	98	194
"1477"	98	183
"1478"	99	185
"1479"	101	191
"1480"	105	188
"1481"	105	188
"1482"	105	191
"1483"	108	179
"1484"	109	186
"1485"	108	190
"1486"	109	187
"1487"	110	181
"1488"	93	211
"1489"	94	203
"1490"	94	205
"1491"	95	208
"1492"	95	213
"1493"	96	209
"1494"	95	212
"1495"	96	215
"1496"	96	211
"1497"	98	204
"1498"	99	220
"1499"	99	200
"1500"	101	204
"1501"	101	220
"1502"	101	210
"1503"	102	212
"1504"	103	216
"1505"	105	213
"1506"	105	211
"1507"	106	202
"1508"	106	199
"1509"	108	203
"1510"	108	205
"1511"	109	208
"1512"	110	205
"1513"	110	215
"1514"	111	219
"1515"	111	213
"1516"	112	201
"1517"	93	210
"1518"	98	214
"1519"	111	218
"1520"	93	217
"1521"	99	209
"1522"	100	213
"1523"	105	208
"1524"	106	215
"1525"	106	218
"1526"	109	212
"1527"	97	203
"1528"	101	206
"1529"	92	213
"1530"	93	205
"1531"	94	200
"1532"	95	215
"1533"	101	210
"1534"	101	215
"1535"	102	218
"1536"	104	216
"1537"	107	208
"1538"	107	214
"1539"	108	219
"1540"	110	209
"1541"	111	205
"1542"	112	212
"1543"	113	212
"1544"	92	236
"1545"	92	225
"1546"	94	221
"1547"	95	240
"1548"	96	233
"1549"	97	222
"1550"	98	224
"1551"	97	239
"1552"	98	226
"1553"	99	231
"1554"	99	232
"1555"	99	234
"1556"	100	227
"1557"	100	240
"1558"	101	232
"1559"	101	237
"1560"	101	234
"1561"	101	223
"1562"	102	230
"1563"	102	225
"1564"	102	233
"1565"	103	225
"1566"	104	237
"1567"	105	241
"1568"	105	224
"1569"	106	240
"1570"	107	238
"1571"	108	224
"1572"	109	236
"1573"	109	229
"1574"	109	222
"1575"	110	226
"1576"	110	238
"1577"	111	227
"1578"	111	222
"1579"	112	228
"1580"	112	224
"1581"	112	222
"1582"	113	233
"1583"	93	231
"1584"	94	225
"1585"	99	242
"1586"	92	231
"1587"	97	229
"1588"	99	224
"1589"	99	241
"1590"	100	234
"1591"	100	239
"1592"	103	222
"1593"	112	233
"1594"	112	236
"1595"	95	236
"1596"	112	230
"1597"	94	236
"1598"	94	239
"1599"	96	227
"1600"	99	236
"1601"	99	224
"1602"	102	237
"1603"	102	231
"1604"	103	235
"1605"	107	232
"1606"	108	222
"1607"	108	223
"1608"	109	241
"1609"	111	224
"1610"	115	223
"1611"	115	239
"1612"	116	236
"1613"	117	224
"1614"	118	222
"1615"	119	232
"1616"	119	242
"1617"	119	227
"1618"	120	229
"1619"	121	239
"1620"	121	228
"1621"	122	240
"1622"	123	224
"1623"	123	227
"1624"	124	234
"1625"	125	230
"1626"	125	228
"1627"	125	239
"1628"	126	231
"1629"	127	229
"1630"	127	231
"1631"	128	239
"1632"	129	221
"1633"	130	236
"1634"	130	240
"1635"	131	226
"1636"	133	237
"1637"	133	224
"1638"	134	239
"1639"	134	232
"1640"	134	241
"1641"	135	225
"1642"	117	233
"1643"	118	230
"1644"	119	225
"1645"	119	235
"1646"	119	228
"1647"	125	226
"1648"	127	237
"1649"	128	236
"1650"	133	221
"1651"	134	223
"1652"	117	239
"1653"	120	224
"1654"	125	231
"1655"	125	224
"1656"	128	241
"1657"	135	235
"1658"	119	222
"1659"	132	226
"1660"	134	226
"1661"	116	230
"1662"	117	240
"1663"	119	238
"1664"	123	230
"1665"	125	236
"1666"	126	233
"1667"	128	228
"1668"	131	232
"1669"	132	235
"1670"	134	237
"1671"	135	230
"1672"	114	212
"1673"	115	209
"1674"	116	216
"1675"	116	210
"1676"	116	211
"1677"	118	203
"1678"	118	209
"1679"	118	207
"1680"	119	218
"1681"	119	208
"1682"	119	200
"1683"	121	210
"1684"	122	206
"1685"	121	219
"1686"	122	217
"1687"	124	208
"1688"	124	219
"1689"	126	215
"1690"	127	199
"1691"	127	212
"1692"	128	217
"1693"	128	211
"1694"	130	216
"1695"	131	202
"1696"	132	203
"1697"	132	206
"1698"	133	204
"1699"	133	217
"1700"	134	211
"1701"	134	214
"1702"	134	209
"1703"	135	210
"1704"	135	205
"1705"	115	206
"1706"	116	204
"1707"	121	214
"1708"	124	216
"1709"	128	205
"1710"	129	205
"1711"	133	213
"1712"	134	215
"1713"	120	215
"1714"	125	205
"1715"	132	210
"1716"	120	205
"1717"	126	204
"1718"	130	207
"1719"	115	217
"1720"	115	205
"1721"	116	213
"1722"	118	206
"1723"	119	216
"1724"	121	202
"1725"	123	212
"1726"	123	207
"1727"	124	210
"1728"	126	218
"1729"	127	217
"1730"	127	209
"1731"	127	203
"1732"	130	219
"1733"	130	211
"1734"	130	218
"1735"	131	215
"1736"	133	212
"1737"	133	219
"1738"	135	199
"1739"	115	191
"1740"	115	190
"1741"	115	188
"1742"	117	194
"1743"	117	187
"1744"	118	195
"1745"	118	184
"1746"	119	195
"1747"	120	192
"1748"	120	185
"1749"	120	188
"1750"	121	190
"1751"	122	192
"1752"	124	185
"1753"	125	177
"1754"	125	191
"1755"	127	191
"1756"	127	181
"1757"	128	190
"1758"	128	193
"1759"	129	191
"1760"	129	183
"1761"	130	194
"1762"	130	190
"1763"	131	188
"1764"	131	191
"1765"	132	185
"1766"	132	194
"1767"	132	184
"1768"	133	191
"1769"	133	189
"1770"	133	196
"1771"	134	183
"1772"	134	188
"1773"	135	195
"1774"	121	184
"1775"	121	195
"1776"	123	189
"1777"	114	192
"1778"	117	183
"1779"	119	187
"1780"	125	195
"1781"	125	189
"1782"	127	193
"1783"	129	193
"1784"	131	187
"1785"	119	193
"1786"	119	193
"1787"	128	183
"1788"	134	197
"1789"	115	182
"1790"	115	196
"1791"	115	178
"1792"	121	178
"1793"	122	187
"1794"	123	180
"1795"	124	189
"1796"	124	183
"1797"	126	197
"1798"	127	198
"1799"	127	187
"1800"	128	197
"1801"	129	181
"1802"	130	198
"1803"	131	194
"1804"	132	183
"1805"	135	190
"1806"	135	197
"1807"	114	158
"1808"	115	173
"1809"	116	169
"1810"	116	166
"1811"	117	174
"1812"	116	158
"1813"	117	160
"1814"	117	157
"1815"	117	168
"1816"	118	160
"1817"	118	161
"1818"	119	169
"1819"	120	161
"1820"	120	169
"1821"	123	162
"1822"	124	167
"1823"	124	162
"1824"	126	160
"1825"	126	175
"1826"	126	156
"1827"	128	174
"1828"	128	162
"1829"	132	172
"1830"	132	175
"1831"	133	163
"1832"	133	156
"1833"	135	159
"1834"	115	159
"1835"	117	162
"1836"	122	170
"1837"	124	173
"1838"	128	158
"1839"	130	158
"1840"	131	161
"1841"	132	158
"1842"	132	164
"1843"	132	166
"1844"	115	156
"1845"	122	164
"1846"	123	172
"1847"	123	173
"1848"	124	159
"1849"	124	158
"1850"	126	171
"1851"	127	174
"1852"	130	157
"1853"	126	157
"1854"	116	171
"1855"	119	166
"1856"	119	160
"1857"	119	167
"1858"	121	170
"1859"	122	161
"1860"	122	168
"1861"	123	157
"1862"	127	155
"1863"	128	162
"1864"	128	168
"1865"	129	172
"1866"	130	170
"1867"	132	168
"1868"	133	170
"1869"	133	158
"1870"	115	142
"1871"	116	148
"1872"	117	145
"1873"	117	133
"1874"	117	153
"1875"	117	139
"1876"	118	139
"1877"	118	152
"1878"	118	151
"1879"	119	151
"1880"	120	147
"1881"	120	152
"1882"	121	143
"1883"	122	139
"1884"	124	152
"1885"	124	143
"1886"	125	136
"1887"	126	147
"1888"	126	144
"1889"	126	139
"1890"	126	138
"1891"	126	150
"1892"	127	153
"1893"	127	149
"1894"	129	146
"1895"	129	136
"1896"	129	153
"1897"	129	144
"1898"	130	136
"1899"	130	151
"1900"	132	134
"1901"	133	148
"1902"	135	135
"1903"	135	148
"1904"	135	153
"1905"	117	136
"1906"	119	135
"1907"	120	144
"1908"	121	138
"1909"	123	151
"1910"	124	149
"1911"	125	146
"1912"	121	153
"1913"	122	145
"1914"	123	147
"1915"	128	138
"1916"	129	142
"1917"	131	143
"1918"	132	140
"1919"	133	139
"1920"	118	135
"1921"	122	138
"1922"	114	135
"1923"	114	135
"1924"	116	144
"1925"	116	150
"1926"	117	143
"1927"	118	149
"1928"	119	148
"1929"	119	144
"1930"	119	152
"1931"	120	142
"1932"	120	150
"1933"	123	137
"1934"	124	135
"1935"	127	151
"1936"	127	135
"1937"	127	144
"1938"	127	140
"1939"	128	139
"1940"	129	148
"1941"	129	134
"1942"	131	138
"1943"	132	146
"1944"	132	152
"1945"	135	136
"1946"	135	144
"1947"	135	150
"1948"	135	152
"1949"	114	128
"1950"	115	127
"1951"	115	114
"1952"	115	122
"1953"	116	121
"1954"	116	114
"1955"	117	116
"1956"	117	130
"1957"	117	112
"1958"	120	120
"1959"	121	113
"1960"	121	121
"1961"	122	114
"1962"	122	116
"1963"	124	131
"1964"	124	114
"1965"	125	126
"1966"	126	128
"1967"	127	127
"1968"	126	123
"1969"	126	115
"1970"	127	113
"1971"	129	126
"1972"	132	115
"1973"	132	117
"1974"	132	128
"1975"	133	118
"1976"	134	124
"1977"	134	125
"1978"	134	130
"1979"	135	115
"1980"	135	119
"1981"	115	124
"1982"	116	114
"1983"	116	117
"1984"	117	118
"1985"	119	114
"1986"	120	127
"1987"	121	118
"1988"	123	111
"1989"	123	111
"1990"	124	113
"1991"	127	123
"1992"	130	121
"1993"	131	118
"1994"	131	125
"1995"	132	120
"1996"	121	120
"1997"	123	117
"1998"	126	120
"1999"	130	112
"2000"	129	116
"2001"	115	131
"2002"	116	120
"2003"	119	122
"2004"	119	113
"2005"	125	115
"2006"	128	116
"2007"	130	115
"2008"	134	113
"2009"	134	127
"2010"	135	119
"2011"	127	116
"2012"	116	108
"2013"	117	103
"2014"	117	100
"2015"	117	99
"2016"	119	102
"2017"	119	93
"2018"	120	93
"2019"	120	91
"2020"	121	99
"2021"	121	93
"2022"	122	109
"2023"	123	102
"2024"	124	92
"2025"	124	94
"2026"	125	105
"2027"	125	103
"2028"	125	102
"2029"	126	109
"2030"	126	97
"2031"	126	92
"2032"	127	90
"2033"	127	107
"2034"	127	95
"2035"	129	107
"2036"	128	93
"2037"	129	105
"2038"	129	95
"2039"	130	103
"2040"	130	91
"2041"	131	93
"2042"	131	104
"2043"	133	94
"2044"	133	108
"2045"	133	93
"2046"	135	96
"2047"	135	93
"2048"	118	91
"2049"	121	109
"2050"	121	101
"2051"	122	97
"2052"	128	91
"2053"	128	98
"2054"	129	98
"2055"	129	97
"2056"	130	109
"2057"	134	101
"2058"	116	91
"2059"	117	93
"2060"	124	107
"2061"	124	109
"2062"	128	90
"2063"	130	100
"2064"	134	105
"2065"	117	97
"2066"	120	104
"2067"	121	106
"2068"	131	102
"2069"	114	108
"2070"	116	106
"2071"	116	95
"2072"	116	104
"2073"	116	93
"2074"	116	96
"2075"	119	96
"2076"	119	92
"2077"	119	107
"2078"	121	90
"2079"	123	106
"2080"	123	106
"2081"	126	94
"2082"	126	104
"2083"	127	100
"2084"	130	89
"2085"	132	97
"2086"	132	93
"2087"	133	98
"2088"	134	93
"2089"	118	109
"2090"	114	77
"2091"	114	74
"2092"	114	69
"2093"	115	85
"2094"	116	71
"2095"	116	79
"2096"	116	76
"2097"	116	86
"2098"	117	84
"2099"	117	70
"2100"	118	82
"2101"	119	71
"2102"	119	76
"2103"	120	82
"2104"	120	86
"2105"	121	76
"2106"	121	78
"2107"	121	68
"2108"	122	84
"2109"	124	87
"2110"	124	86
"2111"	124	74
"2112"	125	78
"2113"	125	84
"2114"	125	69
"2115"	126	86
"2116"	127	72
"2117"	127	84
"2118"	127	73
"2119"	127	81
"2120"	128	83
"2121"	128	82
"2122"	128	71
"2123"	129	73
"2124"	129	87
"2125"	131	83
"2126"	131	72
"2127"	131	83
"2128"	131	74
"2129"	131	73
"2130"	132	75
"2131"	133	83
"2132"	133	76
"2133"	133	82
"2134"	134	80
"2135"	134	83
"2136"	134	84
"2137"	119	80
"2138"	120	69
"2139"	121	79
"2140"	121	75
"2141"	124	80
"2142"	126	74
"2143"	127	76
"2144"	130	77
"2145"	132	80
"2146"	117	76
"2147"	119	74
"2148"	121	81
"2149"	121	80
"2150"	122	77
"2151"	122	73
"2152"	123	75
"2153"	126	75
"2154"	126	69
"2155"	127	79
"2156"	128	69
"2157"	128	68
"2158"	116	80
"2159"	118	80
"2160"	119	72
"2161"	124	84
"2162"	133	86
"2163"	133	77
"2164"	134	79
"2165"	135	85
"2166"	115	81
"2167"	116	74
"2168"	118	67
"2169"	118	71
"2170"	119	67
"2171"	121	67
"2172"	123	70
"2173"	123	67
"2174"	124	68
"2175"	125	81
"2176"	129	72
"2177"	129	71
"2178"	131	81
"2179"	131	69
"2180"	131	86
"2181"	133	85
"2182"	121	73
"2183"	114	60
"2184"	116	65
"2185"	123	63
"2186"	129	64
"2187"	121	63
"2188"	115	64
"2189"	117	64
"2190"	118	63
"2191"	120	63
"2192"	126	65
"2193"	146	62
"2194"	148	65
"2195"	150	62
"2196"	149	55
"2197"	151	57
"2198"	151	59
"2199"	152	54
"2200"	152	59
"2201"	153	62
"2202"	154	65
"2203"	155	56
"2204"	155	59
"2205"	155	63
"2206"	157	58
"2207"	157	61
"2208"	158	56
"2209"	148	60
"2210"	148	59
"2211"	152	56
"2212"	154	57
"2213"	138	65
"2214"	147	64
"2215"	148	57
"2216"	156	60
"2217"	156	54
"2218"	157	54
"2219"	152	58
"2220"	158	64
"2221"	137	67
"2222"	137	68
"2223"	137	75
"2224"	138	78
"2225"	139	83
"2226"	140	71
"2227"	141	81
"2228"	142	67
"2229"	142	71
"2230"	142	76
"2231"	142	86
"2232"	142	78
"2233"	143	87
"2234"	144	87
"2235"	146	67
"2236"	146	86
"2237"	146	77
"2238"	147	73
"2239"	147	83
"2240"	147	85
"2241"	147	78
"2242"	148	86
"2243"	149	70
"2244"	149	84
"2245"	150	80
"2246"	150	68
"2247"	150	75
"2248"	150	87
"2249"	151	73
"2250"	152	84
"2251"	152	82
"2252"	152	85
"2253"	152	68
"2254"	154	86
"2255"	155	74
"2256"	155	73
"2257"	156	79
"2258"	157	80
"2259"	157	76
"2260"	157	73
"2261"	158	82
"2262"	138	86
"2263"	139	86
"2264"	141	69
"2265"	141	87
"2266"	143	81
"2267"	145	78
"2268"	148	79
"2269"	149	72
"2270"	152	70
"2271"	154	70
"2272"	138	79
"2273"	138	81
"2274"	139	82
"2275"	139	67
"2276"	146	76
"2277"	149	81
"2278"	150	75
"2279"	150	76
"2280"	152	76
"2281"	156	69
"2282"	156	82
"2283"	157	69
"2284"	138	76
"2285"	137	77
"2286"	141	72
"2287"	141	82
"2288"	142	82
"2289"	152	83
"2290"	138	82
"2291"	139	85
"2292"	139	71
"2293"	139	74
"2294"	140	77
"2295"	141	78
"2296"	143	72
"2297"	144	80
"2298"	144	68
"2299"	145	73
"2300"	147	80
"2301"	148	71
"2302"	148	68
"2303"	149	69
"2304"	150	77
"2305"	154	71
"2306"	154	83
"2307"	154	71
"2308"	154	79
"2309"	155	76
"2310"	157	86
"2311"	137	90
"2312"	137	92
"2313"	137	93
"2314"	137	94
"2315"	137	103
"2316"	138	96
"2317"	138	98
"2318"	137	105
"2319"	139	90
"2320"	139	103
"2321"	140	106
"2322"	140	95
"2323"	140	96
"2324"	141	106
"2325"	141	100
"2326"	142	107
"2327"	142	105
"2328"	142	90
"2329"	142	91
"2330"	143	91
"2331"	144	104
"2332"	144	108
"2333"	144	98
"2334"	145	100
"2335"	145	104
"2336"	146	90
"2337"	147	100
"2338"	147	109
"2339"	148	100
"2340"	148	90
"2341"	149	96
"2342"	150	103
"2343"	150	108
"2344"	150	101
"2345"	151	91
"2346"	152	91
"2347"	152	106
"2348"	153	95
"2349"	153	94
"2350"	153	108
"2351"	154	96
"2352"	155	91
"2353"	156	102
"2354"	156	95
"2355"	157	109
"2356"	158	97
"2357"	158	99
"2358"	137	102
"2359"	139	105
"2360"	141	105
"2361"	141	104
"2362"	148	89
"2363"	150	93
"2364"	151	89
"2365"	154	102
"2366"	155	104
"2367"	155	103
"2368"	156	107
"2369"	140	93
"2370"	141	98
"2371"	145	97
"2372"	155	105
"2373"	140	107
"2374"	144	89
"2375"	146	103
"2376"	137	104
"2377"	138	97
"2378"	138	89
"2379"	140	95
"2380"	140	102
"2381"	141	103
"2382"	142	97
"2383"	142	94
"2384"	143	90
"2385"	143	101
"2386"	145	95
"2387"	147	98
"2388"	148	91
"2389"	148	94
"2390"	151	96
"2391"	152	101
"2392"	152	96
"2393"	152	98
"2394"	154	106
"2395"	155	104
"2396"	155	99
"2397"	157	105
"2398"	137	120
"2399"	138	121
"2400"	138	128
"2401"	139	117
"2402"	139	115
"2403"	140	120
"2404"	140	127
"2405"	141	113
"2406"	141	114
"2407"	142	125
"2408"	143	127
"2409"	143	129
"2410"	144	126
"2411"	144	118
"2412"	144	111
"2413"	144	118
"2414"	145	121
"2415"	145	123
"2416"	145	125
"2417"	145	126
"2418"	146	130
"2419"	146	113
"2420"	148	131
"2421"	148	114
"2422"	148	122
"2423"	148	117
"2424"	148	126
"2425"	149	113
"2426"	149	120
"2427"	149	128
"2428"	149	131
"2429"	151	116
"2430"	151	126
"2431"	152	121
"2432"	152	111
"2433"	152	112
"2434"	153	114
"2435"	154	125
"2436"	155	131
"2437"	156	115
"2438"	156	126
"2439"	156	129
"2440"	156	128
"2441"	157	114
"2442"	157	124
"2443"	157	118
"2444"	158	121
"2445"	138	131
"2446"	140	118
"2447"	143	122
"2448"	143	113
"2449"	143	115
"2450"	144	115
"2451"	151	115
"2452"	153	126
"2453"	153	120
"2454"	157	131
"2455"	144	125
"2456"	150	120
"2457"	150	114
"2458"	151	118
"2459"	154	113
"2460"	146	112
"2461"	153	130
"2462"	137	117
"2463"	139	112
"2464"	142	119
"2465"	143	111
"2466"	143	123
"2467"	145	113
"2468"	146	116
"2469"	147	118
"2470"	147	130
"2471"	147	122
"2472"	148	125
"2473"	148	128
"2474"	149	127
"2475"	150	130
"2476"	151	123
"2477"	153	117
"2478"	154	122
"2479"	156	117
"2480"	158	125
"2481"	145	128
"2482"	145	129
"2483"	154	127
"2484"	137	136
"2485"	137	133
"2486"	137	150
"2487"	138	142
"2488"	138	150
"2489"	138	141
"2490"	139	133
"2491"	140	150
"2492"	140	151
"2493"	140	145
"2494"	141	143
"2495"	141	135
"2496"	142	149
"2497"	143	142
"2498"	143	151
"2499"	143	148
"2500"	145	135
"2501"	145	146
"2502"	145	135
"2503"	145	134
"2504"	146	145
"2505"	146	147
"2506"	146	140
"2507"	146	149
"2508"	146	142
"2509"	146	143
"2510"	146	150
"2511"	147	144
"2512"	147	152
"2513"	147	141
"2514"	148	140
"2515"	149	135
"2516"	148	134
"2517"	150	146
"2518"	150	136
"2519"	150	151
"2520"	151	143
"2521"	151	149
"2522"	151	151
"2523"	152	134
"2524"	153	146
"2525"	154	154
"2526"	154	150
"2527"	154	140
"2528"	155	144
"2529"	155	138
"2530"	155	152
"2531"	155	148
"2532"	156	141
"2533"	157	153
"2534"	138	144
"2535"	142	147
"2536"	146	138
"2537"	148	141
"2538"	152	138
"2539"	153	137
"2540"	156	138
"2541"	156	152
"2542"	156	136
"2543"	140	141
"2544"	140	138
"2545"	145	151
"2546"	146	144
"2547"	149	134
"2548"	153	148
"2549"	154	151
"2550"	155	133
"2551"	156	148
"2552"	137	145
"2553"	148	133
"2554"	137	137
"2555"	137	148
"2556"	137	153
"2557"	140	147
"2558"	146	136
"2559"	146	137
"2560"	148	147
"2561"	148	146
"2562"	148	148
"2563"	148	136
"2564"	148	149
"2565"	149	153
"2566"	150	142
"2567"	151	148
"2568"	151	134
"2569"	153	144
"2570"	153	134
"2571"	154	144
"2572"	155	143
"2573"	157	146
"2574"	148	138
"2575"	137	172
"2576"	137	157
"2577"	138	167
"2578"	138	157
"2579"	138	175
"2580"	139	164
"2581"	139	156
"2582"	139	168
"2583"	139	175
"2584"	140	166
"2585"	140	172
"2586"	141	159
"2587"	141	167
"2588"	142	170
"2589"	143	155
"2590"	143	171
"2591"	143	161
"2592"	143	165
"2593"	144	164
"2594"	145	174
"2595"	145	163
"2596"	145	167
"2597"	146	158
"2598"	145	157
"2599"	146	170
"2600"	146	160
"2601"	147	157
"2602"	148	165
"2603"	148	168
"2604"	148	171
"2605"	148	175
"2606"	148	174
"2607"	149	156
"2608"	150	158
"2609"	150	163
"2610"	150	165
"2611"	150	166
"2612"	150	166
"2613"	151	171
"2614"	151	175
"2615"	152	158
"2616"	152	174
"2617"	153	156
"2618"	153	167
"2619"	154	174
"2620"	155	171
"2621"	155	162
"2622"	156	170
"2623"	156	175
"2624"	157	171
"2625"	157	162
"2626"	158	159
"2627"	147	155
"2628"	147	156
"2629"	150	162
"2630"	154	159
"2631"	156	156
"2632"	157	168
"2633"	138	162
"2634"	139	161
"2635"	158	173
"2636"	141	173
"2637"	146	172
"2638"	150	170
"2639"	141	159
"2640"	142	167
"2641"	142	169
"2642"	148	159
"2643"	148	160
"2644"	148	161
"2645"	149	175
"2646"	149	157
"2647"	150	159
"2648"	151	175
"2649"	150	169
"2650"	156	164
"2651"	157	166
"2652"	151	174
"2653"	137	179
"2654"	138	190
"2655"	139	181
"2656"	139	191
"2657"	139	184
"2658"	139	194
"2659"	140	181
"2660"	140	189
"2661"	140	182
"2662"	141	186
"2663"	141	184
"2664"	143	180
"2665"	144	194
"2666"	145	183
"2667"	148	184
"2668"	149	184
"2669"	149	178
"2670"	149	179
"2671"	149	180
"2672"	149	181
"2673"	150	187
"2674"	150	190
"2675"	150	188
"2676"	150	195
"2677"	150	198
"2678"	151	194
"2679"	151	185
"2680"	151	184
"2681"	152	181
"2682"	151	178
"2683"	152	179
"2684"	152	188
"2685"	152	189
"2686"	152	197
"2687"	152	187
"2688"	152	185
"2689"	152	190
"2690"	153	179
"2691"	154	180
"2692"	155	187
"2693"	156	178
"2694"	156	191
"2695"	157	180
"2696"	157	186
"2697"	139	197
"2698"	142	178
"2699"	143	186
"2700"	145	188
"2701"	146	180
"2702"	152	195
"2703"	154	191
"2704"	145	197
"2705"	151	181
"2706"	157	196
"2707"	141	192
"2708"	141	194
"2709"	150	196
"2710"	151	182
"2711"	151	183
"2712"	139	189
"2713"	140	190
"2714"	142	192
"2715"	146	182
"2716"	147	196
"2717"	147	179
"2718"	150	181
"2719"	152	191
"2720"	154	197
"2721"	154	182
"2722"	157	182
"2723"	157	197
"2724"	137	211
"2725"	138	214
"2726"	139	213
"2727"	140	209
"2728"	140	211
"2729"	141	202
"2730"	141	214
"2731"	142	217
"2732"	141	205
"2733"	142	213
"2734"	144	215
"2735"	146	216
"2736"	146	203
"2737"	146	202
"2738"	146	208
"2739"	147	203
"2740"	148	206
"2741"	148	211
"2742"	149	205
"2743"	149	210
"2744"	149	204
"2745"	149	209
"2746"	149	212
"2747"	150	203
"2748"	150	211
"2749"	150	202
"2750"	151	214
"2751"	151	213
"2752"	152	205
"2753"	152	201
"2754"	153	204
"2755"	152	203
"2756"	153	206
"2757"	153	214
"2758"	153	208
"2759"	153	203
"2760"	153	211
"2761"	155	207
"2762"	156	203
"2763"	156	209
"2764"	157	212
"2765"	158	205
"2766"	158	215
"2767"	140	200
"2768"	143	207
"2769"	143	206
"2770"	145	203
"2771"	150	219
"2772"	152	200
"2773"	152	200
"2774"	152	202
"2775"	139	203
"2776"	140	219
"2777"	143	208
"2778"	148	205
"2779"	150	212
"2780"	152	213
"2781"	153	213
"2782"	153	214
"2783"	141	214
"2784"	151	215
"2785"	153	204
"2786"	154	204
"2787"	137	218
"2788"	139	212
"2789"	142	211
"2790"	143	215
"2791"	145	214
"2792"	145	210
"2793"	150	206
"2794"	151	209
"2795"	152	206
"2796"	152	201
"2797"	152	205
"2798"	153	212
"2799"	153	209
"2800"	153	209
"2801"	137	231
"2802"	137	235
"2803"	137	241
"2804"	138	226
"2805"	138	238
"2806"	139	232
"2807"	140	235
"2808"	140	234
"2809"	142	227
"2810"	143	228
"2811"	143	235
"2812"	144	223
"2813"	144	240
"2814"	144	238
"2815"	145	229
"2816"	146	228
"2817"	147	225
"2818"	146	241
"2819"	147	231
"2820"	147	238
"2821"	148	241
"2822"	148	235
"2823"	148	240
"2824"	149	237
"2825"	150	230
"2826"	151	242
"2827"	151	237
"2828"	152	224
"2829"	153	234
"2830"	153	237
"2831"	154	231
"2832"	155	232
"2833"	156	239
"2834"	156	240
"2835"	157	222
"2836"	156	233
"2837"	157	234
"2838"	158	232
"2839"	137	228
"2840"	138	228
"2841"	139	242
"2842"	140	222
"2843"	151	240
"2844"	157	223
"2845"	138	233
"2846"	139	227
"2847"	141	222
"2848"	145	225
"2849"	147	232
"2850"	153	226
"2851"	154	230
"2852"	145	232
"2853"	149	235
"2854"	152	230
"2855"	157	237
"2856"	138	236
"2857"	139	226
"2858"	140	241
"2859"	141	242
"2860"	142	232
"2861"	143	229
"2862"	146	236
"2863"	147	222
"2864"	148	223
"2865"	150	222
"2866"	153	241
"2867"	153	229
"2868"	155	222
"2869"	155	236
"2870"	159	234
"2871"	161	226
"2872"	161	231
"2873"	162	228
"2874"	165	232
"2875"	165	225
"2876"	166	226
"2877"	166	239
"2878"	166	237
"2879"	167	236
"2880"	167	231
"2881"	167	235
"2882"	168	229
"2883"	168	240
"2884"	169	229
"2885"	170	234
"2886"	171	223
"2887"	172	233
"2888"	173	231
"2889"	173	224
"2890"	173	230
"2891"	174	238
"2892"	174	241
"2893"	174	239
"2894"	175	222
"2895"	175	235
"2896"	175	227
"2897"	175	231
"2898"	175	228
"2899"	176	237
"2900"	176	226
"2901"	176	227
"2902"	176	241
"2903"	178	224
"2904"	180	239
"2905"	180	237
"2906"	163	226
"2907"	168	224
"2908"	171	227
"2909"	173	237
"2910"	172	239
"2911"	175	242
"2912"	176	239
"2913"	178	228
"2914"	162	228
"2915"	163	232
"2916"	164	229
"2917"	168	226
"2918"	169	232
"2919"	177	227
"2920"	177	234
"2921"	166	223
"2922"	176	224
"2923"	160	234
"2924"	163	240
"2925"	163	222
"2926"	164	238
"2927"	165	241
"2928"	164	235
"2929"	165	227
"2930"	166	241
"2931"	167	234
"2932"	170	238
"2933"	174	227
"2934"	174	236
"2935"	175	228
"2936"	175	232
"2937"	176	236
"2938"	177	238
"2939"	178	230
"2940"	180	233
"2941"	180	223
"2942"	168	222
"2943"	169	222
"2944"	160	216
"2945"	160	214
"2946"	161	210
"2947"	161	204
"2948"	161	207
"2949"	162	217
"2950"	163	210
"2951"	163	214
"2952"	163	212
"2953"	164	207
"2954"	164	214
"2955"	165	213
"2956"	165	204
"2957"	166	216
"2958"	166	206
"2959"	167	213
"2960"	169	200
"2961"	169	215
"2962"	169	211
"2963"	170	215
"2964"	170	205
"2965"	170	210
"2966"	170	212
"2967"	171	216
"2968"	171	209
"2969"	171	208
"2970"	171	212
"2971"	171	219
"2972"	173	213
"2973"	173	216
"2974"	174	206
"2975"	174	209
"2976"	174	199
"2977"	175	208
"2978"	176	205
"2979"	177	210
"2980"	177	211
"2981"	178	208
"2982"	178	218
"2983"	179	204
"2984"	179	216
"2985"	164	218
"2986"	165	218
"2987"	167	209
"2988"	167	217
"2989"	169	200
"2990"	173	215
"2991"	175	212
"2992"	176	204
"2993"	181	216
"2994"	165	200
"2995"	165	215
"2996"	168	212
"2997"	178	201
"2998"	179	206
"2999"	162	215
"3000"	161	205
"3001"	163	204
"3002"	167	215
"3003"	168	207
"3004"	170	211
"3005"	171	201
"3006"	172	216
"3007"	173	209
"3008"	174	205
"3009"	175	217
"3010"	175	202
"3011"	176	214
"3012"	176	202
"3013"	177	216
"3014"	178	214
"3015"	178	218
"3016"	179	211
"3017"	160	178
"3018"	161	181
"3019"	161	197
"3020"	161	180
"3021"	162	195
"3022"	162	196
"3023"	162	193
"3024"	162	192
"3025"	163	195
"3026"	163	182
"3027"	164	193
"3028"	164	189
"3029"	165	191
"3030"	166	179
"3031"	166	188
"3032"	165	182
"3033"	166	185
"3034"	166	194
"3035"	167	183
"3036"	168	192
"3037"	168	187
"3038"	168	185
"3039"	169	189
"3040"	170	186
"3041"	170	179
"3042"	171	194
"3043"	171	192
"3044"	171	196
"3045"	172	194
"3046"	172	197
"3047"	172	187
"3048"	173	178
"3049"	173	181
"3050"	174	196
"3051"	174	183
"3052"	176	194
"3053"	176	190
"3054"	177	188
"3055"	177	178
"3056"	179	183
"3057"	180	188
"3058"	163	184
"3059"	164	179
"3060"	172	184
"3061"	174	191
"3062"	174	192
"3063"	175	184
"3064"	176	180
"3065"	177	182
"3066"	177	185
"3067"	178	197
"3068"	178	188
"3069"	160	193
"3070"	163	179
"3071"	166	195
"3072"	166	181
"3073"	169	179
"3074"	170	182
"3075"	171	180
"3076"	174	187
"3077"	175	181
"3078"	176	195
"3079"	171	183
"3080"	164	189
"3081"	166	193
"3082"	167	191
"3083"	167	189
"3084"	168	180
"3085"	171	189
"3086"	171	193
"3087"	174	188
"3088"	174	189
"3089"	175	180
"3090"	176	183
"3091"	178	195
"3092"	179	185
"3093"	180	194
"3094"	181	197
"3095"	160	159
"3096"	161	165
"3097"	161	161
"3098"	162	159
"3099"	162	172
"3100"	163	156
"3101"	164	173
"3102"	164	165
"3103"	166	156
"3104"	166	162
"3105"	166	158
"3106"	167	166
"3107"	167	168
"3108"	167	163
"3109"	168	163
"3110"	169	159
"3111"	171	175
"3112"	171	174
"3113"	171	168
"3114"	173	162
"3115"	173	165
"3116"	174	159
"3117"	176	159
"3118"	176	160
"3119"	177	161
"3120"	177	163
"3121"	177	170
"3122"	177	174
"3123"	179	174
"3124"	160	162
"3125"	160	174
"3126"	161	167
"3127"	163	169
"3128"	167	161
"3129"	169	169
"3130"	169	161
"3131"	170	173
"3132"	170	167
"3133"	171	157
"3134"	173	161
"3135"	173	171
"3136"	177	175
"3137"	179	166
"3138"	180	155
"3139"	164	157
"3140"	167	174
"3141"	175	172
"3142"	176	168
"3143"	178	164
"3144"	179	158
"3145"	180	161
"3146"	181	155
"3147"	160	158
"3148"	161	171
"3149"	163	162
"3150"	178	172
"3151"	178	173
"3152"	161	172
"3153"	164	169
"3154"	165	170
"3155"	165	166
"3156"	168	173
"3157"	170	170
"3158"	172	160
"3159"	172	162
"3160"	172	158
"3161"	175	163
"3162"	174	169
"3163"	175	166
"3164"	178	161
"3165"	179	167
"3166"	161	148
"3167"	162	145
"3168"	163	134
"3169"	164	135
"3170"	165	143
"3171"	166	135
"3172"	166	144
"3173"	168	142
"3174"	168	150
"3175"	168	153
"3176"	168	139
"3177"	168	137
"3178"	169	151
"3179"	170	136
"3180"	170	146
"3181"	170	150
"3182"	170	138
"3183"	171	146
"3184"	172	152
"3185"	173	138
"3186"	173	143
"3187"	175	147
"3188"	176	150
"3189"	177	145
"3190"	178	143
"3191"	178	142
"3192"	178	148
"3193"	178	145
"3194"	180	141
"3195"	180	148
"3196"	180	146
"3197"	180	151
"3198"	180	136
"3199"	162	138
"3200"	164	147
"3201"	165	149
"3202"	169	144
"3203"	171	148
"3204"	174	136
"3205"	175	136
"3206"	177	150
"3207"	177	141
"3208"	165	149
"3209"	178	137
"3210"	160	149
"3211"	161	134
"3212"	165	142
"3213"	166	150
"3214"	168	136
"3215"	168	134
"3216"	171	138
"3217"	171	138
"3218"	172	152
"3219"	174	151
"3220"	176	149
"3221"	177	135
"3222"	179	138
"3223"	160	130
"3224"	161	126
"3225"	161	129
"3226"	164	117
"3227"	164	111
"3228"	165	129
"3229"	166	124
"3230"	166	131
"3231"	167	115
"3232"	168	125
"3233"	168	113
"3234"	170	118
"3235"	170	122
"3236"	170	117
"3237"	171	119
"3238"	172	126
"3239"	173	116
"3240"	174	119
"3241"	174	113
"3242"	174	123
"3243"	174	129
"3244"	174	117
"3245"	175	118
"3246"	176	122
"3247"	177	120
"3248"	177	123
"3249"	178	126
"3250"	178	119
"3251"	178	114
"3252"	178	132
"3253"	179	120
"3254"	180	118
"3255"	160	121
"3256"	161	122
"3257"	163	129
"3258"	163	128
"3259"	163	113
"3260"	163	126
"3261"	165	117
"3262"	169	118
"3263"	169	130
"3264"	179	123
"3265"	160	117
"3266"	160	111
"3267"	162	123
"3268"	165	113
"3269"	169	127
"3270"	172	128
"3271"	174	126
"3272"	175	127
"3273"	175	129
"3274"	180	124
"3275"	164	123
"3276"	160	114
"3277"	161	118
"3278"	163	125
"3279"	163	120
"3280"	164	129
"3281"	164	118
"3282"	169	111
"3283"	170	121
"3284"	171	113
"3285"	173	118
"3286"	173	113
"3287"	176	117
"3288"	178	123
"3289"	160	89
"3290"	160	94
"3291"	161	89
"3292"	161	92
"3293"	162	106
"3294"	162	103
"3295"	162	97
"3296"	163	95
"3297"	163	100
"3298"	164	106
"3299"	165	90
"3300"	165	97
"3301"	166	103
"3302"	166	107
"3303"	167	105
"3304"	167	101
"3305"	167	94
"3306"	167	89
"3307"	167	103
"3308"	169	99
"3309"	170	96
"3310"	170	101
"3311"	171	104
"3312"	170	108
"3313"	171	92
"3314"	173	101
"3315"	173	108
"3316"	173	94
"3317"	174	104
"3318"	174	94
"3319"	174	92
"3320"	175	108
"3321"	175	97
"3322"	176	102
"3323"	176	106
"3324"	177	95
"3325"	177	109
"3326"	177	100
"3327"	178	104
"3328"	178	90
"3329"	178	101
"3330"	179	102
"3331"	179	106
"3332"	180	109
"3333"	180	90
"3334"	160	90
"3335"	163	108
"3336"	164	99
"3337"	169	103
"3338"	178	97
"3339"	161	95
"3340"	162	104
"3341"	164	98
"3342"	166	95
"3343"	168	91
"3344"	170	91
"3345"	173	89
"3346"	176	104
"3347"	177	93
"3348"	180	104
"3349"	179	96
"3350"	160	93
"3351"	160	108
"3352"	164	90
"3353"	165	106
"3354"	167	103
"3355"	167	94
"3356"	168	97
"3357"	168	92
"3358"	172	97
"3359"	172	100
"3360"	174	93
"3361"	179	94
"3362"	159	79
"3363"	159	73
"3364"	160	81
"3365"	160	84
"3366"	161	76
"3367"	161	71
"3368"	161	85
"3369"	161	68
"3370"	162	71
"3371"	162	82
"3372"	163	67
"3373"	164	77
"3374"	164	86
"3375"	164	79
"3376"	165	72
"3377"	165	75
"3378"	166	78
"3379"	167	82
"3380"	167	70
"3381"	168	72
"3382"	169	85
"3383"	169	76
"3384"	170	73
"3385"	170	71
"3386"	171	83
"3387"	172	69
"3388"	173	75
"3389"	173	72
"3390"	173	74
"3391"	174	80
"3392"	174	83
"3393"	174	75
"3394"	175	69
"3395"	175	85
"3396"	175	70
"3397"	178	72
"3398"	179	85
"3399"	180	77
"3400"	179	75
"3401"	180	68
"3402"	180	82
"3403"	160	82
"3404"	163	80
"3405"	171	71
"3406"	178	71
"3407"	166	81
"3408"	168	78
"3409"	168	73
"3410"	168	74
"3411"	175	72
"3412"	161	75
"3413"	165	85
"3414"	166	67
"3415"	166	67
"3416"	169	82
"3417"	162	74
"3418"	162	77
"3419"	163	85
"3420"	164	78
"3421"	165	69
"3422"	168	72
"3423"	171	78
"3424"	170	74
"3425"	173	79
"3426"	174	68
"3427"	175	79
"3428"	175	83
"3429"	175	74
"3430"	178	86
"3431"	178	79
"3432"	179	69
"3433"	164	76
"3434"	166	86
"3435"	161	60
"3436"	162	50
"3437"	162	52
"3438"	163	51
"3439"	163	64
"3440"	164	59
"3441"	164	57
"3442"	165	51
"3443"	165	55
"3444"	165	57
"3445"	165	62
"3446"	167	60
"3447"	168	48
"3448"	168	63
"3449"	168	61
"3450"	169	60
"3451"	170	45
"3452"	170	62
"3453"	170	49
"3454"	170	55
"3455"	170	51
"3456"	171	58
"3457"	172	48
"3458"	172	49
"3459"	172	54
"3460"	172	64
"3461"	173	51
"3462"	173	49
"3463"	173	46
"3464"	174	54
"3465"	174	64
"3466"	175	56
"3467"	176	64
"3468"	176	51
"3469"	177	46
"3470"	176	58
"3471"	178	61
"3472"	178	60
"3473"	178	58
"3474"	179	65
"3475"	180	49
"3476"	160	65
"3477"	161	56
"3478"	165	53
"3479"	174	63
"3480"	176	53
"3481"	177	45
"3482"	178	53
"3483"	165	64
"3484"	174	60
"3485"	174	60
"3486"	181	50
"3487"	180	48
"3488"	170	48
"3489"	180	59
"3490"	160	55
"3491"	161	61
"3492"	161	53
"3493"	161	57
"3494"	161	59
"3495"	162	55
"3496"	163	49
"3497"	165	51
"3498"	166	53
"3499"	167	53
"3500"	169	61
"3501"	171	47
"3502"	174	51
"3503"	174	51
"3504"	176	55
"3505"	178	48
"3506"	182	60
"3507"	182	48
"3508"	183	51
"3509"	183	57
"3510"	183	45
"3511"	184	55
"3512"	185	64
"3513"	185	47
"3514"	185	53
"3515"	186	62
"3516"	186	56
"3517"	186	52
"3518"	187	59
"3519"	187	46
"3520"	188	60
"3521"	188	50
"3522"	189	63
"3523"	189	45
"3524"	191	45
"3525"	191	56
"3526"	191	60
"3527"	192	53
"3528"	191	48
"3529"	193	63
"3530"	193	55
"3531"	195	54
"3532"	194	56
"3533"	195	65
"3534"	195	59
"3535"	195	48
"3536"	196	57
"3537"	196	59
"3538"	197	60
"3539"	197	49
"3540"	198	59
"3541"	198	56
"3542"	198	47
"3543"	199	60
"3544"	200	47
"3545"	200	57
"3546"	200	55
"3547"	200	58
"3548"	201	49
"3549"	202	45
"3550"	203	59
"3551"	182	51
"3552"	184	62
"3553"	192	64
"3554"	202	55
"3555"	189	64
"3556"	193	51
"3557"	200	49
"3558"	201	46
"3559"	192	48
"3560"	202	52
"3561"	202	52
"3562"	193	65
"3563"	202	49
"3564"	183	84
"3565"	183	85
"3566"	183	75
"3567"	183	87
"3568"	183	73
"3569"	184	79
"3570"	184	69
"3571"	184	74
"3572"	185	82
"3573"	185	81
"3574"	185	73
"3575"	186	86
"3576"	187	74
"3577"	188	86
"3578"	189	86
"3579"	189	82
"3580"	190	80
"3581"	191	75
"3582"	191	68
"3583"	192	78
"3584"	193	75
"3585"	194	70
"3586"	195	86
"3587"	195	76
"3588"	196	81
"3589"	197	86
"3590"	197	68
"3591"	197	84
"3592"	197	73
"3593"	197	78
"3594"	198	75
"3595"	199	81
"3596"	201	72
"3597"	201	77
"3598"	201	69
"3599"	201	82
"3600"	202	84
"3601"	202	87
"3602"	202	81
"3603"	203	75
"3604"	203	86
"3605"	185	84
"3606"	188	78
"3607"	189	67
"3608"	195	68
"3609"	198	71
"3610"	200	67
"3611"	184	82
"3612"	184	70
"3613"	190	76
"3614"	194	70
"3615"	199	85
"3616"	183	69
"3617"	185	79
"3618"	185	73
"3619"	187	73
"3620"	189	86
"3621"	192	73
"3622"	193	83
"3623"	193	85
"3624"	194	79
"3625"	195	67
"3626"	195	74
"3627"	200	70
"3628"	188	73
"3629"	202	72
"3630"	182	107
"3631"	182	102
"3632"	183	98
"3633"	183	91
"3634"	184	101
"3635"	184	93
"3636"	184	103
"3637"	186	92
"3638"	186	98
"3639"	187	101
"3640"	189	107
"3641"	189	90
"3642"	189	94
"3643"	190	99
"3644"	190	103
"3645"	192	92
"3646"	192	106
"3647"	192	100
"3648"	193	103
"3649"	193	105
"3650"	195	100
"3651"	194	107
"3652"	196	93
"3653"	196	103
"3654"	197	96
"3655"	198	108
"3656"	198	105
"3657"	201	107
"3658"	201	104
"3659"	202	102
"3660"	203	93
"3661"	202	102
"3662"	184	100
"3663"	188	107
"3664"	189	102
"3665"	190	105
"3666"	191	101
"3667"	192	97
"3668"	195	104
"3669"	197	90
"3670"	200	92
"3671"	203	94
"3672"	185	90
"3673"	192	95
"3674"	193	95
"3675"	195	107
"3676"	197	108
"3677"	199	93
"3678"	187	94
"3679"	187	95
"3680"	184	108
"3681"	186	101
"3682"	188	94
"3683"	191	106
"3684"	194	90
"3685"	196	94
"3686"	199	109
"3687"	182	114
"3688"	183	124
"3689"	183	130
"3690"	184	115
"3691"	186	112
"3692"	188	117
"3693"	189	121
"3694"	189	123
"3695"	189	113
"3696"	189	119
"3697"	189	116
"3698"	190	124
"3699"	190	113
"3700"	191	123
"3701"	191	131
"3702"	192	126
"3703"	192	111
"3704"	193	114
"3705"	194	124
"3706"	194	130
"3707"	196	115
"3708"	196	125
"3709"	197	117
"3710"	197	122
"3711"	197	118
"3712"	198	129
"3713"	198	127
"3714"	200	112
"3715"	200	115
"3716"	201	123
"3717"	202	114
"3718"	202	126
"3719"	202	118
"3720"	203	125
"3721"	203	112
"3722"	203	128
"3723"	183	116
"3724"	183	128
"3725"	187	121
"3726"	187	112
"3727"	200	121
"3728"	183	112
"3729"	184	126
"3730"	186	120
"3731"	188	129
"3732"	197	120
"3733"	202	121
"3734"	196	128
"3735"	183	120
"3736"	185	112
"3737"	186	122
"3738"	189	117
"3739"	192	113
"3740"	194	128
"3741"	197	120
"3742"	199	120
"3743"	201	129
"3744"	201	114
"3745"	182	148
"3746"	182	143
"3747"	182	138
"3748"	184	148
"3749"	184	142
"3750"	185	144
"3751"	185	152
"3752"	186	148
"3753"	187	134
"3754"	187	144
"3755"	188	147
"3756"	187	153
"3757"	189	134
"3758"	188	140
"3759"	190	150
"3760"	190	139
"3761"	191	142
"3762"	193	134
"3763"	193	137
"3764"	193	149
"3765"	194	140
"3766"	195	137
"3767"	195	142
"3768"	196	150
"3769"	197	151
"3770"	197	142
"3771"	197	147
"3772"	198	153
"3773"	199	134
"3774"	201	151
"3775"	201	136
"3776"	201	152
"3777"	202	141
"3778"	203	139
"3779"	184	152
"3780"	184	146
"3781"	186	140
"3782"	192	147
"3783"	199	141
"3784"	202	136
"3785"	185	137
"3786"	188	151
"3787"	188	149
"3788"	189	142
"3789"	191	147
"3790"	197	135
"3791"	203	133
"3792"	198	150
"3793"	198	145
"3794"	201	150
"3795"	201	145
"3796"	183	137
"3797"	184	153
"3798"	189	145
"3799"	192	140
"3800"	193	153
"3801"	195	152
"3802"	196	135
"3803"	198	136
"3804"	200	147
"3805"	184	162
"3806"	184	174
"3807"	187	162
"3808"	186	162
"3809"	187	173
"3810"	187	172
"3811"	188	161
"3812"	189	159
"3813"	190	173
"3814"	190	157
"3815"	190	166
"3816"	190	171
"3817"	191	175
"3818"	192	159
"3819"	193	166
"3820"	194	156
"3821"	194	170
"3822"	195	163
"3823"	196	159
"3824"	196	156
"3825"	197	166
"3826"	198	156
"3827"	198	165
"3828"	199	174
"3829"	199	169
"3830"	200	165
"3831"	200	175
"3832"	200	162
"3833"	201	157
"3834"	200	173
"3835"	203	161
"3836"	203	162
"3837"	203	155
"3838"	203	165
"3839"	203	172
"3840"	184	173
"3841"	184	172
"3842"	185	158
"3843"	185	168
"3844"	194	174
"3845"	199	156
"3846"	203	172
"3847"	184	155
"3848"	189	169
"3849"	191	163
"3850"	193	171
"3851"	198	162
"3852"	198	159
"3853"	201	164
"3854"	185	165
"3855"	192	163
"3856"	183	156
"3857"	185	161
"3858"	188	167
"3859"	188	173
"3860"	190	168
"3861"	191	156
"3862"	192	158
"3863"	192	175
"3864"	193	168
"3865"	193	162
"3866"	194	173
"3867"	197	169
"3868"	199	171
"3869"	202	159
"3870"	182	188
"3871"	183	180
"3872"	184	197
"3873"	184	194
"3874"	185	188
"3875"	185	191
"3876"	185	185
"3877"	186	178
"3878"	187	192
"3879"	187	188
"3880"	189	196
"3881"	189	186
"3882"	190	180
"3883"	192	195
"3884"	193	184
"3885"	193	189
"3886"	194	179
"3887"	194	190
"3888"	195	187
"3889"	195	191
"3890"	195	192
"3891"	195	193
"3892"	196	186
"3893"	196	195
"3894"	197	193
"3895"	197	178
"3896"	197	183
"3897"	197	190
"3898"	198	186
"3899"	198	179
"3900"	199	188
"3901"	200	191
"3902"	200	179
"3903"	201	177
"3904"	203	190
"3905"	202	191
"3906"	203	189
"3907"	185	182
"3908"	190	179
"3909"	197	197
"3910"	200	183
"3911"	201	182
"3912"	192	197
"3913"	195	188
"3914"	202	181
"3915"	183	178
"3916"	185	189
"3917"	184	180
"3918"	184	195
"3919"	186	179
"3920"	187	187
"3921"	188	185
"3922"	188	191
"3923"	189	195
"3924"	190	189
"3925"	192	179
"3926"	193	184
"3927"	194	181
"3928"	196	180
"3929"	196	185
"3930"	197	178
"3931"	198	192
"3932"	199	194
"3933"	201	191
"3934"	202	184
"3935"	203	188
"3936"	183	200
"3937"	184	199
"3938"	185	210
"3939"	185	202
"3940"	186	205
"3941"	187	218
"3942"	188	218
"3943"	188	212
"3944"	191	215
"3945"	191	210
"3946"	192	213
"3947"	192	216
"3948"	193	201
"3949"	194	210
"3950"	195	216
"3951"	195	202
"3952"	195	214
"3953"	196	217
"3954"	197	218
"3955"	197	209
"3956"	198	212
"3957"	198	210
"3958"	199	205
"3959"	199	218
"3960"	200	204
"3961"	201	213
"3962"	203	212
"3963"	182	209
"3964"	183	210
"3965"	185	216
"3966"	187	200
"3967"	188	206
"3968"	189	202
"3969"	202	204
"3970"	203	204
"3971"	182	204
"3972"	187	208
"3973"	187	201
"3974"	187	216
"3975"	188	208
"3976"	191	213
"3977"	195	219
"3978"	195	207
"3979"	194	204
"3980"	195	207
"3981"	197	206
"3982"	197	204
"3983"	190	218
"3984"	191	207
"3985"	201	208
"3986"	186	211
"3987"	186	212
"3988"	187	208
"3989"	192	202
"3990"	192	202
"3991"	193	217
"3992"	193	215
"3993"	198	217
"3994"	199	216
"3995"	201	219
"3996"	202	216
"3997"	184	206
"3998"	182	236
"3999"	182	223
"4000"	183	229
"4001"	184	239
"4002"	184	236
"4003"	184	232
"4004"	185	231
"4005"	186	226
"4006"	187	221
"4007"	188	227
"4008"	190	240
"4009"	190	240
"4010"	191	232
"4011"	191	239
"4012"	191	225
"4013"	192	236
"4014"	192	228
"4015"	193	232
"4016"	193	227
"4017"	193	241
"4018"	194	234
"4019"	194	242
"4020"	195	237
"4021"	196	222
"4022"	198	237
"4023"	199	223
"4024"	199	230
"4025"	200	226
"4026"	200	238
"4027"	201	233
"4028"	203	233
"4029"	184	241
"4030"	193	225
"4031"	194	222
"4032"	201	231
"4033"	202	236
"4034"	182	234
"4035"	185	226
"4036"	189	226
"4037"	191	222
"4038"	193	234
"4039"	193	222
"4040"	196	236
"4041"	200	240
"4042"	184	223
"4043"	183	232
"4044"	185	227
"4045"	187	230
"4046"	189	232
"4047"	189	225
"4048"	189	229
"4049"	196	240
"4050"	196	233
"4051"	198	229
"4052"	199	233
"4053"	200	222
"4054"	201	227
"4055"	201	234
"4056"	201	235
"4057"	202	232
"4058"	207	227
"4059"	207	240
"4060"	207	224
"4061"	208	234
"4062"	210	229
"4063"	210	232
"4064"	210	238
"4065"	210	223
"4066"	211	240
"4067"	212	231
"4068"	212	240
"4069"	212	229
"4070"	213	222
"4071"	214	225
"4072"	215	242
"4073"	215	233
"4074"	216	236
"4075"	216	238
"4076"	216	228
"4077"	216	235
"4078"	217	242
"4079"	217	231
"4080"	219	231
"4081"	220	222
"4082"	220	224
"4083"	222	222
"4084"	222	238
"4085"	222	228
"4086"	223	234
"4087"	224	229
"4088"	225	232
"4089"	225	241
"4090"	216	229
"4091"	217	241
"4092"	220	230
"4093"	222	230
"4094"	225	222
"4095"	225	239
"4096"	206	237
"4097"	214	222
"4098"	215	237
"4099"	216	227
"4100"	221	231
"4101"	224	235
"4102"	210	240
"4103"	205	227
"4104"	209	235
"4105"	210	232
"4106"	210	227
"4107"	213	239
"4108"	214	229
"4109"	215	226
"4110"	215	228
"4111"	216	232
"4112"	216	239
"4113"	218	227
"4114"	219	238
"4115"	219	236
"4116"	220	241
"4117"	221	239
"4118"	224	239
"4119"	225	241
"4120"	206	206
"4121"	206	216
"4122"	206	219
"4123"	207	215
"4124"	207	210
"4125"	208	218
"4126"	208	201
"4127"	209	213
"4128"	209	207
"4129"	211	215
"4130"	212	205
"4131"	212	210
"4132"	214	213
"4133"	214	208
"4134"	215	211
"4135"	215	215
"4136"	215	218
"4137"	216	206
"4138"	217	202
"4139"	218	199
"4140"	220	200
"4141"	219	216
"4142"	220	200
"4143"	221	206
"4144"	222	212
"4145"	223	211
"4146"	224	219
"4147"	224	203
"4148"	225	209
"4149"	225	213
"4150"	225	204
"4151"	225	217
"4152"	209	218
"4153"	212	212
"4154"	212	207
"4155"	213	200
"4156"	218	204
"4157"	219	218
"4158"	220	211
"4159"	224	206
"4160"	206	207
"4161"	206	217
"4162"	209	211
"4163"	213	204
"4164"	216	209
"4165"	218	207
"4166"	225	205
"4167"	223	201
"4168"	225	212
"4169"	205	210
"4170"	209	210
"4171"	211	200
"4172"	213	202
"4173"	216	200
"4174"	217	212
"4175"	220	201
"4176"	220	209
"4177"	222	204
"4178"	222	210
"4179"	223	205
"4180"	225	215
"4181"	205	188
"4182"	206	180
"4183"	206	186
"4184"	206	182
"4185"	207	194
"4186"	207	197
"4187"	208	189
"4188"	208	191
"4189"	209	197
"4190"	210	194
"4191"	210	191
"4192"	210	183
"4193"	211	198
"4194"	212	189
"4195"	213	188
"4196"	213	178
"4197"	213	193
"4198"	215	183
"4199"	215	185
"4200"	216	179
"4201"	217	197
"4202"	217	178
"4203"	217	180
"4204"	217	181
"4205"	217	182
"4206"	218	190
"4207"	218	194
"4208"	219	186
"4209"	220	187
"4210"	221	177
"4211"	221	189
"4212"	223	195
"4213"	211	197
"4214"	212	192
"4215"	221	193
"4216"	221	181
"4217"	221	187
"4218"	222	183
"4219"	205	197
"4220"	212	180
"4221"	212	185
"4222"	214	194
"4223"	225	178
"4224"	225	177
"4225"	208	180
"4226"	209	186
"4227"	218	188
"4228"	219	193
"4229"	225	182
"4230"	205	160
"4231"	206	172
"4232"	206	159
"4233"	207	169
"4234"	207	159
"4235"	209	160
"4236"	209	167
"4237"	209	172
"4238"	209	163
"4239"	211	158
"4240"	211	163
"4241"	211	172
"4242"	213	164
"4243"	213	172
"4244"	213	175
"4245"	215	162
"4246"	215	167
"4247"	215	155
"4248"	217	174
"4249"	218	161
"4250"	218	169
"4251"	219	164
"4252"	219	166
"4253"	219	163
"4254"	220	172
"4255"	220	175
"4256"	221	159
"4257"	221	176
"4258"	222	175
"4259"	221	156
"4260"	222	164
"4261"	222	155
"4262"	222	165
"4263"	222	161
"4264"	222	168
"4265"	224	166
"4266"	224	155
"4267"	224	156
"4268"	225	174
"4269"	225	167
"4270"	207	165
"4271"	209	169
"4272"	208	158
"4273"	209	165
"4274"	211	167
"4275"	215	164
"4276"	217	164
"4277"	219	157
"4278"	208	163
"4279"	215	175
"4280"	216	168
"4281"	219	160
"4282"	224	169
"4283"	226	158
"4284"	213	170
"4285"	206	158
"4286"	209	158
"4287"	210	170
"4288"	211	166
"4289"	213	168
"4290"	212	170
"4291"	213	174
"4292"	216	157
"4293"	221	171
"4294"	222	159
"4295"	223	171
"4296"	224	168
"4297"	205	137
"4298"	205	142
"4299"	206	147
"4300"	209	139
"4301"	210	138
"4302"	210	153
"4303"	210	148
"4304"	210	150
"4305"	211	141
"4306"	211	151
"4307"	212	147
"4308"	212	144
"4309"	213	150
"4310"	213	153
"4311"	215	144
"4312"	215	150
"4313"	216	153
"4314"	217	148
"4315"	217	137
"4316"	217	138
"4317"	217	144
"4318"	218	153
"4319"	218	136
"4320"	219	145
"4321"	221	136
"4322"	222	152
"4323"	222	137
"4324"	222	144
"4325"	223	134
"4326"	224	153
"4327"	224	137
"4328"	224	147
"4329"	225	140
"4330"	225	149
"4331"	226	136
"4332"	226	142
"4333"	207	151
"4334"	208	148
"4335"	208	135
"4336"	216	141
"4337"	223	140
"4338"	207	136
"4339"	207	133
"4340"	210	146
"4341"	210	134
"4342"	214	133
"4343"	219	151
"4344"	221	148
"4345"	222	148
"4346"	222	150
"4347"	223	153
"4348"	225	145
"4349"	226	152
"4350"	208	141
"4351"	220	153
"4352"	207	137
"4353"	210	135
"4354"	211	153
"4355"	215	148
"4356"	215	136
"4357"	216	150
"4358"	220	142
"4359"	222	136
"4360"	225	139
"4361"	206	130
"4362"	206	111
"4363"	207	117
"4364"	207	127
"4365"	208	123
"4366"	209	116
"4367"	209	131
"4368"	209	113
"4369"	210	121
"4370"	212	131
"4371"	212	121
"4372"	213	128
"4373"	213	118
"4374"	213	116
"4375"	213	119
"4376"	213	126
"4377"	214	114
"4378"	216	115
"4379"	217	123
"4380"	217	121
"4381"	217	114
"4382"	218	131
"4383"	219	119
"4384"	219	123
"4385"	219	130
"4386"	221	116
"4387"	221	126
"4388"	221	123
"4389"	223	122
"4390"	225	113
"4391"	209	125
"4392"	210	131
"4393"	211	123
"4394"	211	125
"4395"	217	118
"4396"	220	118
"4397"	224	123
"4398"	225	131
"4399"	214	126
"4400"	215	124
"4401"	216	119
"4402"	218	127
"4403"	219	115
"4404"	221	120
"4405"	224	127
"4406"	224	128
"4407"	225	124
"4408"	215	129
"4409"	217	117
"4410"	221	112
"4411"	207	119
"4412"	209	117
"4413"	210	123
"4414"	211	128
"4415"	211	111
"4416"	215	121
"4417"	217	111
"4418"	217	111
"4419"	220	131
"4420"	223	125
"4421"	224	112
"4422"	224	116
"4423"	205	101
"4424"	206	92
"4425"	207	97
"4426"	211	103
"4427"	211	99
"4428"	211	108
"4429"	212	94
"4430"	214	93
"4431"	213	108
"4432"	213	95
"4433"	213	105
"4434"	213	98
"4435"	214	101
"4436"	216	92
"4437"	216	102
"4438"	217	106
"4439"	217	91
"4440"	218	100
"4441"	218	98
"4442"	219	105
"4443"	219	89
"4444"	221	102
"4445"	222	99
"4446"	223	93
"4447"	224	96
"4448"	224	107
"4449"	207	104
"4450"	208	95
"4451"	209	96
"4452"	209	92
"4453"	215	98
"4454"	216	97
"4455"	225	103
"4456"	225	93
"4457"	205	94
"4458"	207	102
"4459"	209	108
"4460"	220	92
"4461"	221	95
"4462"	222	104
"4463"	226	96
"4464"	210	102
"4465"	212	91
"4466"	221	109
"4467"	206	95
"4468"	207	105
"4469"	209	94
"4470"	213	107
"4471"	214	104
"4472"	222	102
"4473"	223	97
"4474"	223	96
"4475"	225	92
"4476"	222	109
"4477"	223	108
"4478"	205	73
"4479"	207	80
"4480"	207	87
"4481"	207	71
"4482"	209	86
"4483"	210	70
"4484"	210	86
"4485"	210	78
"4486"	212	74
"4487"	214	78
"4488"	214	73
"4489"	215	80
"4490"	216	77
"4491"	217	83
"4492"	218	78
"4493"	220	85
"4494"	219	79
"4495"	224	72
"4496"	225	80
"4497"	205	82
"4498"	216	78
"4499"	206	76
"4500"	207	79
"4501"	212	75
"4502"	217	82
"4503"	218	67
"4504"	218	70
"4505"	220	70
"4506"	221	69
"4507"	207	83
"4508"	215	83
"4509"	215	75
"4510"	216	69
"4511"	222	78
"4512"	206	69
"4513"	208	83
"4514"	211	71
"4515"	213	67
"4516"	214	70
"4517"	216	70
"4518"	216	73
"4519"	216	72
"4520"	217	78
"4521"	220	67
"4522"	220	72
"4523"	220	73
"4524"	221	85
"4525"	223	81
"4526"	223	74
"4527"	224	74
"4528"	206	48
"4529"	206	57
"4530"	207	62
"4531"	208	57
"4532"	208	48
"4533"	209	60
"4534"	210	62
"4535"	211	51
"4536"	212	59
"4537"	212	56
"4538"	212	61
"4539"	213	50
"4540"	214	54
"4541"	214	47
"4542"	215	65
"4543"	216	52
"4544"	216	60
"4545"	216	47
"4546"	217	65
"4547"	217	49
"4548"	219	59
"4549"	219	63
"4550"	220	45
"4551"	221	60
"4552"	222	49
"4553"	224	47
"4554"	224	52
"4555"	224	62
"4556"	226	52
"4557"	206	61
"4558"	212	52
"4559"	218	53
"4560"	222	51
"4561"	223	64
"4562"	223	59
"4563"	225	62
"4564"	210	48
"4565"	210	47
"4566"	211	54
"4567"	220	49
"4568"	220	62
"4569"	221	62
"4570"	226	63
"4571"	211	59
"4572"	214	55
"4573"	218	55
"4574"	218	57
"4575"	220	52
"4576"	222	57
"4577"	223	51
"4578"	223	49
"4579"	223	62
"4580"	225	49
"4581"	228	57
"4582"	228	63
"4583"	229	53
"4584"	231	57
"4585"	231	53
"4586"	231	64
"4587"	232	46
"4588"	233	48
"4589"	233	59
"4590"	235	61
"4591"	235	46
"4592"	236	52
"4593"	237	57
"4594"	237	45
"4595"	237	64
"4596"	238	48
"4597"	240	59
"4598"	240	49
"4599"	241	47
"4600"	241	51
"4601"	241	52
"4602"	242	64
"4603"	243	65
"4604"	243	59
"4605"	243	51
"4606"	244	49
"4607"	244	48
"4608"	244	50
"4609"	245	58
"4610"	245	46
"4611"	247	49
"4612"	248	59
"4613"	230	65
"4614"	237	54
"4615"	239	57
"4616"	241	46
"4617"	246	52
"4618"	247	59
"4619"	233	65
"4620"	238	55
"4621"	246	55
"4622"	228	54
"4623"	233	63
"4624"	242	57
"4625"	228	50
"4626"	230	51
"4627"	231	51
"4628"	232	59
"4629"	233	64
"4630"	234	52
"4631"	235	48
"4632"	237	49
"4633"	238	45
"4634"	239	64
"4635"	241	51
"4636"	243	54
"4637"	245	48
"4638"	248	63
"4639"	248	62
"4640"	229	82
"4641"	229	70
"4642"	230	83
"4643"	230	75
"4644"	230	71
"4645"	230	86
"4646"	231	83
"4647"	235	87
"4648"	235	75
"4649"	235	77
"4650"	236	87
"4651"	236	82
"4652"	236	68
"4653"	239	73
"4654"	240	83
"4655"	240	76
"4656"	240	86
"4657"	240	80
"4658"	242	73
"4659"	243	77
"4660"	243	86
"4661"	243	86
"4662"	244	81
"4663"	244	79
"4664"	244	70
"4665"	245	76
"4666"	246	67
"4667"	246	75
"4668"	246	71
"4669"	247	79
"4670"	247	77
"4671"	228	78
"4672"	233	85
"4673"	246	73
"4674"	228	73
"4675"	233	82
"4676"	242	81
"4677"	246	86
"4678"	248	68
"4679"	238	80
"4680"	229	77
"4681"	237	73
"4682"	239	68
"4683"	242	71
"4684"	243	75
"4685"	246	81
"4686"	228	96
"4687"	228	101
"4688"	231	90
"4689"	231	108
"4690"	232	102
"4691"	233	91
"4692"	234	102
"4693"	234	95
"4694"	234	92
"4695"	235	102
"4696"	236	106
"4697"	237	91
"4698"	238	106
"4699"	239	109
"4700"	239	96
"4701"	240	100
"4702"	240	95
"4703"	240	103
"4704"	240	108
"4705"	240	106
"4706"	241	102
"4707"	241	97
"4708"	241	105
"4709"	242	106
"4710"	242	93
"4711"	243	97
"4712"	243	100
"4713"	245	96
"4714"	245	101
"4715"	246	97
"4716"	246	100
"4717"	247	97
"4718"	247	100
"4719"	249	101
"4720"	230	99
"4721"	233	103
"4722"	233	94
"4723"	234	90
"4724"	236	90
"4725"	245	103
"4726"	228	91
"4727"	229	96
"4728"	231	89
"4729"	232	101
"4730"	236	101
"4731"	242	94
"4732"	230	108
"4733"	229	107
"4734"	229	101
"4735"	235	89
"4736"	235	96
"4737"	237	99
"4738"	237	105
"4739"	237	93
"4740"	239	108
"4741"	239	101
"4742"	246	92
"4743"	247	98
"4744"	247	97
"4745"	247	91
"4746"	248	104
"4747"	228	113
"4748"	228	126
"4749"	229	122
"4750"	230	113
"4751"	231	112
"4752"	231	127
"4753"	231	116
"4754"	233	128
"4755"	233	113
"4756"	233	118
"4757"	233	125
"4758"	236	127
"4759"	236	121
"4760"	236	112
"4761"	237	116
"4762"	238	123
"4763"	237	129
"4764"	239	111
"4765"	239	114
"4766"	240	120
"4767"	241	117
"4768"	242	113
"4769"	242	125
"4770"	242	131
"4771"	243	127
"4772"	243	113
"4773"	244	117
"4774"	244	119
"4775"	245	122
"4776"	246	113
"4777"	246	121
"4778"	246	124
"4779"	246	128
"4780"	246	130
"4781"	246	126
"4782"	248	119
"4783"	229	127
"4784"	230	120
"4785"	231	120
"4786"	235	112
"4787"	240	123
"4788"	245	112
"4789"	241	116
"4790"	233	121
"4791"	228	120
"4792"	229	114
"4793"	231	129
"4794"	233	129
"4795"	235	117
"4796"	235	131
"4797"	238	121
"4798"	239	117
"4799"	240	121
"4800"	243	128
"4801"	244	112
"4802"	246	120
"4803"	248	124
"4804"	229	150
"4805"	230	143
"4806"	230	144
"4807"	230	147
"4808"	231	147
"4809"	231	140
"4810"	231	145
"4811"	234	147
"4812"	235	143
"4813"	235	146
"4814"	235	134
"4815"	236	148
"4816"	237	150
"4817"	237	139
"4818"	237	151
"4819"	238	133
"4820"	239	151
"4821"	240	153
"4822"	240	142
"4823"	242	148
"4824"	243	145
"4825"	244	152
"4826"	244	141
"4827"	244	135
"4828"	245	149
"4829"	247	135
"4830"	247	144
"4831"	248	140
"4832"	248	146
"4833"	247	150
"4834"	230	150
"4835"	232	139
"4836"	232	136
"4837"	234	133
"4838"	234	136
"4839"	237	146
"4840"	245	144
"4841"	248	134
"4842"	249	142
"4843"	234	150
"4844"	238	136
"4845"	240	149
"4846"	241	146
"4847"	228	152
"4848"	230	152
"4849"	231	135
"4850"	233	145
"4851"	234	151
"4852"	234	149
"4853"	238	133
"4854"	239	144
"4855"	240	140
"4856"	241	152
"4857"	241	148
"4858"	242	138
"4859"	245	135
"4860"	246	140
"4861"	229	173
"4862"	231	159
"4863"	232	166
"4864"	232	156
"4865"	233	173
"4866"	233	175
"4867"	233	171
"4868"	233	160
"4869"	235	164
"4870"	237	165
"4871"	236	172
"4872"	236	163
"4873"	238	175
"4874"	238	174
"4875"	238	158
"4876"	239	167
"4877"	241	160
"4878"	242	156
"4879"	242	166
"4880"	244	175
"4881"	244	171
"4882"	245	163
"4883"	245	170
"4884"	246	155
"4885"	246	162
"4886"	247	162
"4887"	248	167
"4888"	248	161
"4889"	229	175
"4890"	230	170
"4891"	235	169
"4892"	236	166
"4893"	237	163
"4894"	241	173
"4895"	243	169
"4896"	246	173
"4897"	228	167
"4898"	228	169
"4899"	230	172
"4900"	234	167
"4901"	234	161
"4902"	248	155
"4903"	237	170
"4904"	229	159
"4905"	229	173
"4906"	230	166
"4907"	231	162
"4908"	233	170
"4909"	233	164
"4910"	234	159
"4911"	235	159
"4912"	236	174
"4913"	237	162
"4914"	238	157
"4915"	241	172
"4916"	241	175
"4917"	243	172
"4918"	244	169
"4919"	246	174
"4920"	240	158
"4921"	228	185
"4922"	230	190
"4923"	230	197
"4924"	231	182
"4925"	232	187
"4926"	232	186
"4927"	233	197
"4928"	234	183
"4929"	233	182
"4930"	236	197
"4931"	236	180
"4932"	237	191
"4933"	237	188
"4934"	238	196
"4935"	238	181
"4936"	238	178
"4937"	239	183
"4938"	239	181
"4939"	239	189
"4940"	239	181
"4941"	240	190
"4942"	240	194
"4943"	240	178
"4944"	240	192
"4945"	241	178
"4946"	241	183
"4947"	242	187
"4948"	243	191
"4949"	243	179
"4950"	243	189
"4951"	243	194
"4952"	244	198
"4953"	244	183
"4954"	245	193
"4955"	245	195
"4956"	246	197
"4957"	248	190
"4958"	227	182
"4959"	231	184
"4960"	237	188
"4961"	237	195
"4962"	229	177
"4963"	231	197
"4964"	235	189
"4965"	245	178
"4966"	246	179
"4967"	248	187
"4968"	237	192
"4969"	239	193
"4970"	246	196
"4971"	247	185
"4972"	248	182
"4973"	229	177
"4974"	232	194
"4975"	235	193
"4976"	236	180
"4977"	239	191
"4978"	240	193
"4979"	242	187
"4980"	244	197
"4981"	229	214
"4982"	228	212
"4983"	229	217
"4984"	229	207
"4985"	230	218
"4986"	230	209
"4987"	231	203
"4988"	231	215
"4989"	232	213
"4990"	232	212
"4991"	233	217
"4992"	233	209
"4993"	234	201
"4994"	234	218
"4995"	234	212
"4996"	234	207
"4997"	235	218
"4998"	235	209
"4999"	236	211
"5000"	237	217
"5001"	238	207
"5002"	239	213
"5003"	239	219
"5004"	240	213
"5005"	240	219
"5006"	241	209
"5007"	241	206
"5008"	241	208
"5009"	243	200
"5010"	243	201
"5011"	243	207
"5012"	243	216
"5013"	244	209
"5014"	245	209
"5015"	246	211
"5016"	246	212
"5017"	247	213
"5018"	247	199
"5019"	248	214
"5020"	229	201
"5021"	233	202
"5022"	243	212
"5023"	243	218
"5024"	244	219
"5025"	248	206
"5026"	228	203
"5027"	235	205
"5028"	238	201
"5029"	242	206
"5030"	245	207
"5031"	247	216
"5032"	229	200
"5033"	235	206
"5034"	245	204
"5035"	230	220
"5036"	233	214
"5037"	233	208
"5038"	235	217
"5039"	236	209
"5040"	240	215
"5041"	245	199
"5042"	246	205
"5043"	247	207
"5044"	248	200
"5045"	248	203
"5046"	228	231
"5047"	231	241
"5048"	231	239
"5049"	231	232
"5050"	232	227
"5051"	234	237
"5052"	234	227
"5053"	235	239
"5054"	236	222
"5055"	237	233
"5056"	237	225
"5057"	243	227
"5058"	244	241
"5059"	245	224
"5060"	245	225
"5061"	245	230
"5062"	245	231
"5063"	248	235
"5064"	230	239
"5065"	232	238
"5066"	239	227
"5067"	241	224
"5068"	227	221
"5069"	228	223
"5070"	230	241
"5071"	233	241
"5072"	233	238
"5073"	237	230
"5074"	237	231
"5075"	242	240
"5076"	244	226
"5077"	231	235
"5078"	238	238
"5079"	239	236
"5080"	239	223
"5081"	239	229
"5082"	243	232
"5083"	244	228
"5084"	245	229
"5085"	245	239
"5086"	245	236
"5087"	246	222
"5088"	247	238
"5089"	248	223
"5090"	248	225
"5091"	51	66
"5092"	56	65
"5093"	49	87
"5094"	51	87
"5095"	67	76
"5096"	69	75
"5097"	69	71
"5098"	68	79
"5099"	68	83
"5100"	68	69
"5101"	61	88
"5102"	58	110
"5103"	67	96
"5104"	68	105
"5105"	68	100
"5106"	69	90
"5107"	50	132
"5108"	67	131
"5109"	67	116
"5110"	47	133
"5111"	56	133
"5112"	68	121
"5113"	64	154
"5114"	68	134
"5115"	69	143
"5116"	48	154
"5117"	53	154
"5118"	62	154
"5119"	46	159
"5120"	68	175
"5121"	52	177
"5122"	66	176
"5123"	68	163
"5124"	46	184
"5125"	67	190
"5126"	67	182
"5127"	67	186
"5128"	52	221
"5129"	53	220
"5130"	62	220
"5131"	68	204
"5132"	68	230
"5133"	68	233
"5134"	56	242
"5135"	68	241
"5136"	78	242
"5137"	90	241
"5138"	90	228
"5139"	91	226
"5140"	79	199
"5141"	90	204
"5142"	68	196
"5143"	69	184
"5144"	90	194
"5145"	89	197
"5146"	69	167
"5147"	75	154
"5148"	78	155
"5149"	73	133
"5150"	91	152
"5151"	91	143
"5152"	84	132
"5153"	90	136
"5154"	69	111
"5155"	71	111
"5156"	90	126
"5157"	75	131
"5158"	85	131
"5159"	79	88
"5160"	82	88
"5161"	78	66
"5162"	77	66
"5163"	90	66
"5164"	91	65
"5165"	90	58
"5166"	98	66
"5167"	108	65
"5168"	91	77
"5169"	92	67
"5170"	109	87
"5171"	113	82
"5172"	113	67
"5173"	113	83
"5174"	114	79
"5175"	97	66
"5176"	100	88
"5177"	92	70
"5178"	92	84
"5179"	103	67
"5180"	114	72
"5181"	93	109
"5182"	102	110
"5183"	111	110
"5184"	113	106
"5185"	113	104
"5186"	95	110
"5187"	103	110
"5188"	107	110
"5189"	110	89
"5190"	113	97
"5191"	113	117
"5192"	95	131
"5193"	111	132
"5194"	113	119
"5195"	100	132
"5196"	94	154
"5197"	96	133
"5198"	113	144
"5199"	113	149
"5200"	114	148
"5201"	113	147
"5202"	114	139
"5203"	109	154
"5204"	112	135
"5205"	113	150
"5206"	103	176
"5207"	113	167
"5208"	105	176
"5209"	113	159
"5210"	112	156
"5211"	113	173
"5212"	99	155
"5213"	113	185
"5214"	97	221
"5215"	103	221
"5216"	100	221
"5217"	92	221
"5218"	113	229
"5219"	102	241
"5220"	113	226
"5221"	136	240
"5222"	136	232
"5223"	136	234
"5224"	114	215
"5225"	117	220
"5226"	125	199
"5227"	136	200
"5228"	136	219
"5229"	137	202
"5230"	136	205
"5231"	129	199
"5232"	117	199
"5233"	123	199
"5234"	121	177
"5235"	129	198
"5236"	130	176
"5237"	135	183
"5238"	136	183
"5239"	136	197
"5240"	119	198
"5241"	123	177
"5242"	125	176
"5243"	136	179
"5244"	114	168
"5245"	116	176
"5246"	125	154
"5247"	129	154
"5248"	136	172
"5249"	136	164
"5250"	133	155
"5251"	135	165
"5252"	125	133
"5253"	135	142
"5254"	136	145
"5255"	136	136
"5256"	115	131
"5257"	134	132
"5258"	136	125
"5259"	125	110
"5260"	136	124
"5261"	136	111
"5262"	136	127
"5263"	121	111
"5264"	136	96
"5265"	129	88
"5266"	128	110
"5267"	132	89
"5268"	136	100
"5269"	115	66
"5270"	129	87
"5271"	122	87
"5272"	118	87
"5273"	118	66
"5274"	143	67
"5275"	144	65
"5276"	158	63
"5277"	159	50
"5278"	158	58
"5279"	152	65
"5280"	159	65
"5281"	159	52
"5282"	160	57
"5283"	137	73
"5284"	138	88
"5285"	158	77
"5286"	158	67
"5287"	159	69
"5288"	137	69
"5289"	139	87
"5290"	155	88
"5291"	159	74
"5292"	148	111
"5293"	159	103
"5294"	159	101
"5295"	137	110
"5296"	147	110
"5297"	159	104
"5298"	156	110
"5299"	158	92
"5300"	158	90
"5301"	158	91
"5302"	159	100
"5303"	158	107
"5304"	136	127
"5305"	147	132
"5306"	158	119
"5307"	158	122
"5308"	144	131
"5309"	145	132
"5310"	155	132
"5311"	158	111
"5312"	137	147
"5313"	144	155
"5314"	147	153
"5315"	158	144
"5316"	159	153
"5317"	159	148
"5318"	147	154
"5319"	158	133
"5320"	148	154
"5321"	158	138
"5322"	159	142
"5323"	159	152
"5324"	144	176
"5325"	151	176
"5326"	158	156
"5327"	159	169
"5328"	138	177
"5329"	156	176
"5330"	158	164
"5331"	159	157
"5332"	159	171
"5333"	141	198
"5334"	148	199
"5335"	150	199
"5336"	153	198
"5337"	158	188
"5338"	158	194
"5339"	158	190
"5340"	159	192
"5341"	159	190
"5342"	159	183
"5343"	147	198
"5344"	148	220
"5345"	158	204
"5346"	159	212
"5347"	152	221
"5348"	158	201
"5349"	159	235
"5350"	159	229
"5351"	159	232
"5352"	174	221
"5353"	178	220
"5354"	181	228
"5355"	181	229
"5356"	181	226
"5357"	182	239
"5358"	181	206
"5359"	182	218
"5360"	173	199
"5361"	178	198
"5362"	163	176
"5363"	173	176
"5364"	180	183
"5365"	171	177
"5366"	164	177
"5367"	181	186
"5368"	159	165
"5369"	168	176
"5370"	174	154
"5371"	180	176
"5372"	182	173
"5373"	182	158
"5374"	182	171
"5375"	171	154
"5376"	172	154
"5377"	179	156
"5378"	168	155
"5379"	159	146
"5380"	160	138
"5381"	178	132
"5382"	175	133
"5383"	180	153
"5384"	180	132
"5385"	181	142
"5386"	181	150
"5387"	181	133
"5388"	182	140
"5389"	171	110
"5390"	181	131
"5391"	181	129
"5392"	182	117
"5393"	167	111
"5394"	169	131
"5395"	179	88
"5396"	161	88
"5397"	159	70
"5398"	168	66
"5399"	169	66
"5400"	181	75
"5401"	181	74
"5402"	176	86
"5403"	176	66
"5404"	181	81
"5405"	180	54
"5406"	181	63
"5407"	182	53
"5408"	181	46
"5409"	173	45
"5410"	204	48
"5411"	194	66
"5412"	189	66
"5413"	195	88
"5414"	183	88
"5415"	204	86
"5416"	195	110
"5417"	204	104
"5418"	204	128
"5419"	184	133
"5420"	189	111
"5421"	200	132
"5422"	204	138
"5423"	203	144
"5424"	203	151
"5425"	199	154
"5426"	203	174
"5427"	200	176
"5428"	186	198
"5429"	189	199
"5430"	183	199
"5431"	194	220
"5432"	198	220
"5433"	200	221
"5434"	204	213
"5435"	185	220
"5436"	204	211
"5437"	203	202
"5438"	204	217
"5439"	190	221
"5440"	204	235
"5441"	220	220
"5442"	226	232
"5443"	227	237
"5444"	219	221
"5445"	226	236
"5446"	227	238
"5447"	226	198
"5448"	227	201
"5449"	221	198
"5450"	226	199
"5451"	209	199
"5452"	227	213
"5453"	211	177
"5454"	213	176
"5455"	226	190
"5456"	226	189
"5457"	205	175
"5458"	209	155
"5459"	220	154
"5460"	224	154
"5461"	227	173
"5462"	205	173
"5463"	226	137
"5464"	227	142
"5465"	227	154
"5466"	206	153
"5467"	204	145
"5468"	226	150
"5469"	205	114
"5470"	205	116
"5471"	225	110
"5472"	220	110
"5473"	226	112
"5474"	209	110
"5475"	208	109
"5476"	218	87
"5477"	226	90
"5478"	227	107
"5479"	214	88
"5480"	227	101
"5481"	212	109
"5482"	222	88
"5483"	223	88
"5484"	226	84
"5485"	226	75
"5486"	212	87
"5487"	205	53
"5488"	217	45
"5489"	227	50
"5490"	205	61
"5491"	226	57
"5492"	234	44
"5493"	242	66
"5494"	247	66
"5495"	244	66
"5496"	233	89
"5497"	248	80
"5498"	230	88
"5499"	230	89
"5500"	244	89
"5501"	228	98
"5502"	228	132
"5503"	242	133
"5504"	249	123
"5505"	239	132
"5506"	240	154
"5507"	245	133
"5508"	227	156
"5509"	229	176
"5510"	245	155
"5511"	227	198
"5512"	246	220
"5513"	237	199
"5514"	240	221
"5515"	248	240
"5516"	231	221
